-- Generated seed import file
-- IMPORTANT: MySQL does not allow TRUNCATE on parent tables with FKs.
-- Use DELETE order (children before parents) with FK checks disabled.
SET FOREIGN_KEY_CHECKS = 0;
SET UNIQUE_CHECKS = 0;
START TRANSACTION;

-- Delete order based on FK dependencies (children before parents).
DELETE FROM `dispatch_items`;
DELETE FROM `stock_adjustments`;
DELETE FROM `audit_logs`;
DELETE FROM `batches`;
DELETE FROM `dispatches`;
DELETE FROM `products`;
DELETE FROM `suppliers`;
DELETE FROM `users`;
INSERT INTO `users` (`user_id`, `name`, `email`, `password_hash`, `role`, `created_at`, `updated_at`) VALUES
(1, 'Michael', 'newmichael@gmail.com', '$2y$10$ACY3dNsDd50N.hE2abORqeCLVIkfDwXFEdjSp4FM4Cyx/I4gTztra', 'owner', '2025-04-30 16:00:00', '2025-04-30 16:00:00'),
(2, 'Juan dela Cruz', 'juandelacruz@gmail.com', '$2y$10$txLPsrzk2X4P6zdEk40DLeCn0pEh3GzY9wnAl92EJBkb5TcNOAOFK', 'staff', '2025-04-30 16:00:00', '2025-04-30 16:00:00');

INSERT INTO `suppliers` (`supplier_id`, `company_name`, `contact_person`, `contact_number`, `address`, `created_at`, `updated_at`) VALUES
(1, 'Mabuhay Fiber Supply', 'Roberto Santos', '0917-123-4561', 'Davao City, Davao del Sur', '2025-04-30 16:00:00', '2025-04-30 16:00:00'),
(2, 'Golden Harvest Co.', 'Lita Reyes', '0918-234-5672', 'Cebu City, Cebu', '2025-04-30 16:00:00', '2025-04-30 16:00:00'),
(3, 'Baguio Twine Traders', 'Miguel Ong', '0919-345-6783', 'Baguio City, Benguet', '2025-04-30 16:00:00', '2025-04-30 16:00:00'),
(4, 'Luzon Sacks Inc.', 'Ana Cruz', '0920-456-7894', 'San Fernando, Pampanga', '2025-04-30 16:00:00', '2025-04-30 16:00:00'),
(5, 'Island Weave Corp.', 'Carlos Lim', '0921-567-8905', 'Iloilo City, Iloilo', '2025-04-30 16:00:00', '2025-04-30 16:00:00'),
(6, 'Palawan Raw Materials', 'Elena Dimaano', '0922-678-9016', 'Puerto Princesa, Palawan', '2025-04-30 16:00:00', '2025-04-30 16:00:00');

INSERT INTO `products` (`product_id`, `sku_code`, `name`, `category`, `base_uom`, `weight_per_unit`, `current_quantity`, `total_asset_value`, `low_stock_threshold`, `status`, `image_path`, `created_at`, `updated_at`) VALUES
(1, 'SKU-20260509-9190', 'Rice Sack', 'sacks', 'piece', 0.5, 991, 68953.78, 100, 'active', '20260509000100-1f2e3d4c.jpg', '2025-04-30 16:00:00', '2025-04-30 16:00:00'),
(2, 'SKU-20260509-9886', 'Gunny Sack', 'sacks', 'piece', 0.6, 453, 37105.23, 100, 'active', '20260509000200-2a3b4c5d.jpg', '2025-04-30 16:00:00', '2025-04-30 16:00:00'),
(3, 'SKU-20260509-2332', 'Flour Sack', 'sacks', 'piece', 0.4, 0, 0, 100, 'active', '20260509000300-3c4d5e6f.jpg', '2025-04-30 16:00:00', '2025-04-30 16:00:00'),
(4, 'SKU-20260509-9042', 'Binder Twine', 'twines', 'roll', 0.25, 685.95, 92383.75, 50, 'active', '20260509000400-4d5e6f70.jpg', '2025-04-30 16:00:00', '2025-04-30 16:00:00'),
(5, 'SKU-20260509-2843', 'Baler Twine', 'twines', 'roll', 0.2, 101.54, 20183.11, 50, 'active', '20260509000500-5e6f7081.jpg', '2025-04-30 16:00:00', '2025-04-30 16:00:00'),
(6, 'SKU-20260509-5809', 'Sisal Twine', 'twines', 'roll', 0.15, 168.35, 33010.07, 50, 'active', '20260509000600-6f708192.jpg', '2025-04-30 16:00:00', '2025-04-30 16:00:00');

INSERT INTO `batches` (`batch_id`, `product_id`, `supplier_id`, `user_id`, `batch_code`, `total_procurement_cost`, `unit_cost`, `quantity_received`, `quantity_remaining`, `status`, `created_at`, `updated_at`) VALUES
(1, 1, 3, 1, 'BAT-20260509-2372', 15961.04, 60.92, 262, 202, 'active', '2025-07-28 12:16:45', '2025-07-28 12:16:45'),
(2, 1, 3, 1, 'BAT-20260509-8028', 16806.51, 64.89, 259, 204.5, 'active', '2025-08-24 02:42:56', '2025-08-24 02:42:56'),
(3, 1, 5, 1, 'BAT-20260509-8681', 17883.36, 45.16, 396, 188.5, 'active', '2025-09-30 01:00:45', '2025-09-30 01:00:45'),
(4, 1, 3, 1, 'BAT-20260509-4137', 16760.79, 80.97, 207, 195, 'active', '2025-11-27 11:40:06', '2025-11-27 11:40:06'),
(5, 1, 2, 2, 'BAT-20260509-4325', 20526.1, 69.58, 295, 200.5, 'active', '2026-02-05 21:28:16', '2026-02-05 21:28:16'),
(6, 2, 6, 1, 'BAT-20260509-2902', 26431.65, 83.91, 315, 145.2, 'active', '2025-09-11 14:40:28', '2025-09-11 14:40:28'),
(7, 2, 4, 2, 'BAT-20260509-7402', 21074.3, 55.9, 377, 147.8, 'active', '2025-12-20 17:19:53', '2025-12-20 17:19:53'),
(8, 2, 5, 2, 'BAT-20260509-4775', 25228.28, 81.91, 308, 160.4, 'active', '2026-02-14 12:20:59', '2026-02-14 12:20:59'),
(9, 3, 1, 1, 'BAT-20260509-7948', 31041.5, 85.75, 362, 0, 'depleted', '2025-08-19 07:55:48', '2025-08-19 07:55:48'),
(10, 4, 6, 2, 'BAT-20260509-9495', 37489.24, 268.01, 139.88, 137.43, 'active', '2025-05-03 11:29:19', '2025-05-03 11:29:19'),
(11, 4, 5, 2, 'BAT-20260509-2792', 67975.01, 279.56, 243.15, 152.3875, 'active', '2025-11-03 19:08:47', '2025-11-03 19:08:47'),
(12, 4, 3, 1, 'BAT-20260509-2585', 31059.89, 252.54, 122.99, 118.23, 'active', '2025-11-09 07:45:00', '2025-11-09 07:45:00'),
(13, 4, 4, 2, 'BAT-20260509-5468', 21323.2, 174.58, 122.14, 122.14, 'active', '2026-03-08 19:27:38', '2026-03-08 19:27:38'),
(14, 4, 1, 1, 'BAT-20260509-5614', 29256.54, 134.68, 217.23, 155.76, 'active', '2026-04-02 22:00:08', '2026-04-02 22:00:08'),
(15, 5, 6, 1, 'BAT-20260509-6641', 43351.74, 198.77, 218.1, 101.54, 'active', '2025-12-27 13:04:53', '2025-12-27 13:04:53'),
(16, 6, 6, 1, 'BAT-20260509-5539', 45031.73, 196.08, 229.66, 168.35, 'active', '2025-12-26 15:55:33', '2025-12-26 15:55:33');

INSERT INTO `dispatches` (`dispatch_id`, `user_id`, `customer_reference`, `status`, `created_at`, `updated_at`) VALUES
(1, 2, 'DR-3637', 'completed', '2025-11-26 01:08:00', '2025-11-25 23:13:00'),
(2, 1, 'PO-2025-4884', 'completed', '2025-11-24 08:16:00', '2025-11-24 00:02:00'),
(3, 1, NULL, 'completed', '2026-02-10 03:50:00', '2026-02-09 23:29:00'),
(4, 1, 'DR-6273', 'completed', '2025-10-11 08:32:00', '2025-10-11 06:43:00'),
(5, 2, NULL, 'completed', '2025-12-14 02:21:00', '2025-12-14 07:44:00'),
(6, 2, NULL, 'completed', '2025-12-13 05:41:00', '2025-12-12 23:37:00'),
(7, 2, 'DR-9783', 'completed', '2025-10-03 23:29:00', '2025-10-04 04:41:00'),
(8, 2, 'PO-2025-6400', 'completed', '2025-11-02 04:07:00', '2025-11-02 02:35:00'),
(9, 1, NULL, 'completed', '2025-08-22 05:49:00', '2025-08-22 05:56:00'),
(10, 1, 'DR-5177', 'completed', '2025-12-17 23:48:00', '2025-12-17 23:24:00'),
(11, 1, NULL, 'completed', '2026-03-11 04:32:00', '2026-03-11 01:20:00'),
(12, 1, 'PO-2025-1366', 'completed', '2026-04-08 09:03:00', '2026-04-08 02:46:00'),
(13, 1, NULL, 'completed', '2025-11-17 04:56:00', '2025-11-17 05:56:00'),
(14, 1, 'SO-661', 'completed', '2025-12-26 09:09:00', '2025-12-26 03:45:00'),
(15, 1, 'PO-2025-7225', 'completed', '2025-11-30 01:05:00', '2025-11-30 04:07:00'),
(16, 2, NULL, 'completed', '2025-09-23 07:15:00', '2025-09-23 09:46:00'),
(17, 2, 'SO-920', 'completed', '2025-07-07 02:51:00', '2025-07-07 08:04:00'),
(18, 2, NULL, 'completed', '2025-12-24 06:55:00', '2025-12-24 05:27:00'),
(19, 2, NULL, 'completed', '2025-10-13 00:38:00', '2025-10-13 05:34:00'),
(20, 1, 'DR-6661', 'completed', '2025-08-31 07:22:00', '2025-08-31 04:37:00'),
(21, 2, 'SO-231', 'completed', '2026-02-11 07:34:00', '2026-02-11 09:06:00'),
(22, 1, 'PO-2025-2844', 'completed', '2025-07-06 06:35:00', '2025-07-06 05:39:00'),
(23, 2, NULL, 'completed', '2025-07-22 06:52:00', '2025-07-21 23:52:00'),
(24, 1, NULL, 'completed', '2025-10-10 03:51:00', '2025-10-10 01:12:00'),
(25, 1, 'PO-2025-8822', 'completed', '2025-12-26 06:34:00', '2025-12-26 05:03:00'),
(26, 2, NULL, 'completed', '2026-01-06 06:19:00', '2026-01-06 01:33:00'),
(27, 2, 'DR-6640', 'completed', '2026-04-02 07:45:00', '2026-04-02 09:23:00'),
(28, 1, 'PO-2025-7445', 'completed', '2026-03-18 06:17:00', '2026-03-18 02:35:00'),
(29, 2, NULL, 'completed', '2025-12-05 01:13:00', '2025-12-05 03:55:00'),
(30, 1, NULL, 'completed', '2025-12-21 08:37:00', '2025-12-21 00:08:00'),
(31, 1, 'DR-7945', 'completed', '2026-01-29 09:39:00', '2026-01-29 05:58:00'),
(32, 1, NULL, 'completed', '2025-12-23 08:15:00', '2025-12-23 03:50:00'),
(33, 1, NULL, 'completed', '2025-11-06 06:32:00', '2025-11-06 03:59:00'),
(34, 1, 'SO-686', 'completed', '2025-11-06 06:56:00', '2025-11-06 03:35:00'),
(35, 1, NULL, 'completed', '2025-12-04 03:48:00', '2025-12-04 02:17:00'),
(36, 1, 'DR-5433', 'completed', '2026-01-06 04:42:00', '2026-01-05 23:01:00'),
(37, 2, NULL, 'completed', '2025-10-06 01:46:00', '2025-10-06 00:25:00'),
(38, 1, NULL, 'completed', '2026-03-07 09:11:00', '2026-03-07 08:10:00'),
(39, 2, NULL, 'completed', '2025-12-01 08:38:00', '2025-12-01 02:41:00'),
(40, 1, NULL, 'completed', '2025-12-15 09:13:00', '2025-12-15 09:48:00'),
(41, 2, NULL, 'completed', '2026-05-01 08:34:00', '2026-05-01 08:10:00'),
(42, 1, 'DR-2117', 'voided', '2026-02-16 00:17:00', '2026-02-16 03:07:00'),
(43, 2, 'PO-2025-9431', 'completed', '2025-10-05 05:19:00', '2025-10-05 07:39:00'),
(44, 2, 'SO-369', 'completed', '2025-09-30 06:46:00', '2025-09-30 05:43:00'),
(45, 2, 'PO-2025-8430', 'completed', '2025-10-03 05:22:00', '2025-10-03 08:04:00'),
(46, 2, NULL, 'completed', '2025-12-10 04:01:00', '2025-12-10 00:55:00'),
(47, 1, NULL, 'completed', '2026-05-01 23:46:00', '2026-05-02 00:16:00'),
(48, 1, NULL, 'completed', '2025-05-06 02:34:00', '2025-05-06 00:42:00'),
(49, 1, 'SO-465', 'completed', '2026-02-22 06:15:00', '2026-02-22 06:12:00'),
(50, 2, 'PO-2025-4764', 'completed', '2026-04-23 06:59:00', '2026-04-23 03:13:00'),
(51, 2, 'PO-2025-3307', 'completed', '2026-02-10 02:54:00', '2026-02-10 05:01:00'),
(52, 2, 'SO-129', 'completed', '2025-11-10 06:58:00', '2025-11-10 01:33:00'),
(53, 2, NULL, 'completed', '2025-12-29 23:11:00', '2025-12-30 08:00:00'),
(54, 1, NULL, 'completed', '2026-04-30 07:48:00', '2026-04-30 03:44:00'),
(55, 2, 'SO-817', 'completed', '2026-03-13 09:01:00', '2026-03-13 05:59:00'),
(56, 2, NULL, 'completed', '2025-10-05 09:25:00', '2025-10-05 00:22:00'),
(57, 2, NULL, 'completed', '2025-09-19 02:05:00', '2025-09-19 01:28:00'),
(58, 1, 'PO-2025-2899', 'completed', '2025-12-21 05:54:00', '2025-12-21 09:58:00'),
(59, 2, NULL, 'completed', '2026-02-24 03:16:00', '2026-02-24 08:55:00'),
(60, 2, NULL, 'completed', '2025-10-13 05:54:00', '2025-10-13 09:40:00'),
(61, 1, NULL, 'completed', '2025-10-05 08:30:00', '2025-10-05 02:01:00'),
(62, 2, 'SO-659', 'voided', '2025-10-15 02:28:00', '2025-10-15 09:10:00'),
(63, 2, 'SO-797', 'completed', '2026-01-08 01:32:00', '2026-01-08 00:39:00'),
(64, 2, NULL, 'completed', '2025-11-14 06:54:00', '2025-11-14 04:04:00'),
(65, 2, NULL, 'completed', '2026-04-21 05:54:00', '2026-04-21 00:38:00'),
(66, 2, NULL, 'completed', '2026-01-17 06:40:00', '2026-01-17 04:49:00'),
(67, 1, NULL, 'completed', '2025-12-22 08:29:00', '2025-12-22 02:15:00'),
(68, 1, 'DR-8370', 'completed', '2025-10-04 01:34:00', '2025-10-04 07:22:00'),
(69, 2, 'DR-6318', 'completed', '2025-05-06 04:59:00', '2025-05-05 23:00:00'),
(70, 2, NULL, 'completed', '2026-05-02 05:09:00', '2026-05-02 08:07:00'),
(71, 2, 'SO-362', 'completed', '2025-07-11 09:51:00', '2025-07-11 06:25:00'),
(72, 2, 'DR-6949', 'voided', '2025-06-29 05:43:00', '2025-06-29 09:41:00'),
(73, 1, 'PO-2025-6386', 'completed', '2026-04-05 09:43:00', '2026-04-05 06:11:00'),
(74, 1, 'DR-5971', 'completed', '2026-03-07 08:16:00', '2026-03-07 09:40:00'),
(75, 2, NULL, 'completed', '2025-12-19 05:54:00', '2025-12-19 00:43:00'),
(76, 1, NULL, 'completed', '2026-03-15 02:58:00', '2026-03-15 04:31:00'),
(77, 1, 'PO-2025-1769', 'completed', '2026-04-28 01:38:00', '2026-04-28 01:18:00'),
(78, 2, 'SO-959', 'completed', '2025-10-02 08:02:00', '2025-10-02 06:30:00'),
(79, 1, NULL, 'completed', '2025-11-22 01:13:00', '2025-11-22 03:25:00'),
(80, 1, NULL, 'completed', '2025-12-24 07:39:00', '2025-12-24 01:46:00'),
(81, 1, 'SO-981', 'completed', '2026-01-27 03:37:00', '2026-01-26 23:40:00'),
(82, 2, 'SO-182', 'completed', '2026-03-29 08:56:00', '2026-03-29 00:55:00'),
(83, 1, 'SO-319', 'completed', '2026-03-20 01:52:00', '2026-03-20 00:03:00'),
(84, 2, NULL, 'completed', '2025-10-18 04:08:00', '2025-10-18 07:22:00'),
(85, 2, NULL, 'completed', '2026-01-24 04:27:00', '2026-01-24 07:48:00'),
(86, 1, 'DR-3815', 'completed', '2025-07-04 03:55:00', '2025-07-04 04:54:00'),
(87, 1, NULL, 'completed', '2025-05-06 04:27:00', '2025-05-06 05:17:00'),
(88, 1, NULL, 'completed', '2025-12-19 07:58:00', '2025-12-19 00:15:00'),
(89, 1, 'PO-2025-9498', 'completed', '2026-05-06 23:24:00', '2026-05-07 00:24:00'),
(90, 1, 'PO-2025-1284', 'completed', '2025-10-04 05:47:00', '2025-10-04 08:45:00'),
(91, 2, 'PO-2025-9909', 'completed', '2026-04-03 00:03:00', '2026-04-03 05:11:00'),
(92, 1, 'DR-7334', 'completed', '2026-01-07 04:22:00', '2026-01-06 23:15:00'),
(93, 2, NULL, 'completed', '2025-10-12 00:25:00', '2025-10-12 07:39:00'),
(94, 1, NULL, 'completed', '2025-10-21 07:43:00', '2025-10-21 05:42:00'),
(95, 1, 'SO-180', 'completed', '2026-04-08 03:12:00', '2026-04-08 00:30:00'),
(96, 2, NULL, 'completed', '2025-05-22 07:17:00', '2025-05-22 08:33:00'),
(97, 2, 'SO-355', 'completed', '2026-04-13 04:23:00', '2026-04-13 03:01:00'),
(98, 2, NULL, 'completed', '2025-09-11 09:07:00', '2025-09-11 06:41:00'),
(99, 2, 'DR-8602', 'voided', '2025-05-23 09:38:00', '2025-05-23 00:21:00'),
(100, 1, 'DR-6644', 'completed', '2026-03-02 23:33:00', '2026-03-03 09:04:00');

INSERT INTO `dispatch_items` (`dispatch_item_id`, `dispatch_id`, `batch_id`, `product_id`, `dispatch_uom`, `dispatch_quantity`, `quantity_deducted`, `unit_cost`, `created_at`, `updated_at`) VALUES
(1, 1, 9, 3, 'piece', 26, 10.4, 85.75, '2025-11-26 01:08:00', '2025-11-26 01:08:00'),
(2, 1, 11, 4, 'roll', 15.55, 3.8875, 279.56, '2025-11-26 01:08:00', '2025-11-26 01:08:00'),
(3, 2, 3, 1, 'piece', 11, 5.5, 45.16, '2025-11-24 08:16:00', '2025-11-24 08:16:00'),
(4, 2, 15, 5, 'roll', 9.6, 1.92, 198.77, '2025-11-24 08:16:00', '2025-11-24 08:16:00'),
(5, 2, 7, 2, 'piece', 14, 8.4, 55.9, '2025-11-24 08:16:00', '2025-11-24 08:16:00'),
(6, 3, 11, 4, 'roll', 22.4, 5.6, 279.56, '2026-02-10 03:50:00', '2026-02-10 03:50:00'),
(7, 3, 9, 3, 'piece', 22, 8.8, 85.75, '2026-02-10 03:50:00', '2026-02-10 03:50:00'),
(8, 4, 15, 5, 'roll', 15.77, 3.154, 198.77, '2025-10-11 08:32:00', '2025-10-11 08:32:00'),
(9, 4, 9, 3, 'piece', 46, 18.4, 85.75, '2025-10-11 08:32:00', '2025-10-11 08:32:00'),
(10, 4, 3, 1, 'piece', 8, 4, 45.16, '2025-10-11 08:32:00', '2025-10-11 08:32:00'),
(11, 5, 7, 2, 'piece', 9, 5.4, 55.9, '2025-12-14 02:21:00', '2025-12-14 02:21:00'),
(12, 5, 11, 4, 'roll', 29.98, 7.495, 279.56, '2025-12-14 02:21:00', '2025-12-14 02:21:00'),
(13, 6, 11, 4, 'roll', 4.73, 1.1825, 279.56, '2025-12-13 05:41:00', '2025-12-13 05:41:00'),
(14, 7, 7, 2, 'piece', 25, 15, 55.9, '2025-10-03 23:29:00', '2025-10-03 23:29:00'),
(15, 7, 9, 3, 'piece', 41, 16.4, 85.75, '2025-10-03 23:29:00', '2025-10-03 23:29:00'),
(16, 8, 11, 4, 'roll', 8.24, 2.06, 279.56, '2025-11-02 04:07:00', '2025-11-02 04:07:00'),
(17, 9, 15, 5, 'roll', 29.76, 5.952, 198.77, '2025-08-22 05:49:00', '2025-08-22 05:49:00'),
(18, 10, 3, 1, 'piece', 35, 17.5, 45.16, '2025-12-17 23:48:00', '2025-12-17 23:48:00'),
(19, 10, 7, 2, 'piece', 33, 19.8, 55.9, '2025-12-17 23:48:00', '2025-12-17 23:48:00'),
(20, 11, 11, 4, 'roll', 17.9, 4.475, 279.56, '2026-03-11 04:32:00', '2026-03-11 04:32:00'),
(21, 12, 3, 1, 'piece', 14, 7, 45.16, '2026-04-08 09:03:00', '2026-04-08 09:03:00'),
(22, 12, 11, 4, 'roll', 9.99, 2.4975, 279.56, '2026-04-08 09:03:00', '2026-04-08 09:03:00'),
(23, 13, 9, 3, 'piece', 35, 14, 85.75, '2025-11-17 04:56:00', '2025-11-17 04:56:00'),
(24, 13, 3, 1, 'piece', 21, 10.5, 45.16, '2025-11-17 04:56:00', '2025-11-17 04:56:00'),
(25, 14, 9, 3, 'piece', 31, 12.4, 85.75, '2025-12-26 09:09:00', '2025-12-26 09:09:00'),
(26, 14, 3, 1, 'piece', 40, 20, 45.16, '2025-12-26 09:09:00', '2025-12-26 09:09:00'),
(27, 14, 15, 5, 'roll', 23.47, 4.694, 198.77, '2025-12-26 09:09:00', '2025-12-26 09:09:00'),
(28, 15, 7, 2, 'piece', 26, 15.6, 55.9, '2025-11-30 01:05:00', '2025-11-30 01:05:00'),
(29, 16, 3, 1, 'piece', 29, 14.5, 45.16, '2025-09-23 07:15:00', '2025-09-23 07:15:00'),
(30, 16, 16, 6, 'roll', 3.24, 0.486, 196.08, '2025-09-23 07:15:00', '2025-09-23 07:15:00'),
(31, 16, 15, 5, 'roll', 19.42, 3.884, 198.77, '2025-09-23 07:15:00', '2025-09-23 07:15:00'),
(32, 17, 15, 5, 'roll', 23.66, 4.732, 198.77, '2025-07-07 02:51:00', '2025-07-07 02:51:00'),
(33, 17, 6, 2, 'piece', 5, 3, 83.91, '2025-07-07 02:51:00', '2025-07-07 02:51:00'),
(34, 18, 14, 4, 'roll', 17.94, 4.485, 134.68, '2025-12-24 06:55:00', '2025-12-24 06:55:00'),
(35, 18, 16, 6, 'roll', 6.81, 1.0215, 196.08, '2025-12-24 06:55:00', '2025-12-24 06:55:00'),
(36, 18, 9, 3, 'piece', 23, 9.2, 85.75, '2025-12-24 06:55:00', '2025-12-24 06:55:00'),
(37, 19, 11, 4, 'roll', 23.76, 5.94, 279.56, '2025-10-13 00:38:00', '2025-10-13 00:38:00'),
(38, 19, 15, 5, 'roll', 2.85, 0.57, 198.77, '2025-10-13 00:38:00', '2025-10-13 00:38:00'),
(39, 20, 14, 4, 'roll', 6.35, 1.5875, 134.68, '2025-08-31 07:22:00', '2025-08-31 07:22:00'),
(40, 20, 16, 6, 'roll', 3.43, 0.5145, 196.08, '2025-08-31 07:22:00', '2025-08-31 07:22:00'),
(41, 20, 3, 1, 'piece', 35, 17.5, 45.16, '2025-08-31 07:22:00', '2025-08-31 07:22:00'),
(42, 21, 15, 5, 'roll', 2.67, 0.534, 198.77, '2026-02-11 07:34:00', '2026-02-11 07:34:00'),
(43, 21, 7, 2, 'piece', 43, 25.8, 55.9, '2026-02-11 07:34:00', '2026-02-11 07:34:00'),
(44, 21, 3, 1, 'piece', 49, 24.5, 45.16, '2026-02-11 07:34:00', '2026-02-11 07:34:00'),
(45, 22, 16, 6, 'roll', 18.18, 2.727, 196.08, '2025-07-06 06:35:00', '2025-07-06 06:35:00'),
(46, 22, 6, 2, 'piece', 10, 6, 83.91, '2025-07-06 06:35:00', '2025-07-06 06:35:00'),
(47, 23, 5, 1, 'piece', 48, 24, 69.58, '2025-07-22 06:52:00', '2025-07-22 06:52:00'),
(48, 24, 16, 6, 'roll', 6.34, 0.951, 196.08, '2025-10-10 03:51:00', '2025-10-10 03:51:00'),
(49, 24, 3, 1, 'piece', 39, 19.5, 45.16, '2025-10-10 03:51:00', '2025-10-10 03:51:00'),
(50, 24, 8, 2, 'piece', 31, 18.6, 81.91, '2025-10-10 03:51:00', '2025-10-10 03:51:00'),
(51, 25, 9, 3, 'piece', 15, 6, 85.75, '2025-12-26 06:34:00', '2025-12-26 06:34:00'),
(52, 25, 14, 4, 'roll', 7.3, 1.825, 134.68, '2025-12-26 06:34:00', '2025-12-26 06:34:00'),
(53, 25, 5, 1, 'piece', 45, 22.5, 69.58, '2025-12-26 06:34:00', '2025-12-26 06:34:00'),
(54, 26, 11, 4, 'roll', 18.6, 4.65, 279.56, '2026-01-06 06:19:00', '2026-01-06 06:19:00'),
(55, 27, 15, 5, 'roll', 4.2, 0.84, 198.77, '2026-04-02 07:45:00', '2026-04-02 07:45:00'),
(56, 27, 16, 6, 'roll', 6.64, 0.996, 196.08, '2026-04-02 07:45:00', '2026-04-02 07:45:00'),
(57, 27, 6, 2, 'piece', 34, 20.4, 83.91, '2026-04-02 07:45:00', '2026-04-02 07:45:00'),
(58, 28, 15, 5, 'roll', 27.85, 5.57, 198.77, '2026-03-18 06:17:00', '2026-03-18 06:17:00'),
(59, 29, 1, 1, 'piece', 6, 3, 60.92, '2025-12-05 01:13:00', '2025-12-05 01:13:00'),
(60, 29, 16, 6, 'roll', 19.6, 2.94, 196.08, '2025-12-05 01:13:00', '2025-12-05 01:13:00'),
(61, 29, 14, 4, 'roll', 10, 2.5, 134.68, '2025-12-05 01:13:00', '2025-12-05 01:13:00'),
(62, 30, 15, 5, 'roll', 20.62, 4.124, 198.77, '2025-12-21 08:37:00', '2025-12-21 08:37:00'),
(63, 30, 9, 3, 'piece', 29, 11.6, 85.75, '2025-12-21 08:37:00', '2025-12-21 08:37:00'),
(64, 31, 14, 4, 'roll', 4.6, 1.15, 134.68, '2026-01-29 09:39:00', '2026-01-29 09:39:00'),
(65, 31, 8, 2, 'piece', 14, 8.4, 81.91, '2026-01-29 09:39:00', '2026-01-29 09:39:00'),
(66, 32, 9, 3, 'piece', 43, 17.2, 85.75, '2025-12-23 08:15:00', '2025-12-23 08:15:00'),
(67, 32, 15, 5, 'roll', 27.45, 5.49, 198.77, '2025-12-23 08:15:00', '2025-12-23 08:15:00'),
(68, 33, 15, 5, 'roll', 23.04, 4.608, 198.77, '2025-11-06 06:32:00', '2025-11-06 06:32:00'),
(69, 34, 14, 4, 'roll', 22.26, 5.565, 134.68, '2025-11-06 06:56:00', '2025-11-06 06:56:00'),
(70, 34, 15, 5, 'roll', 3.92, 0.784, 198.77, '2025-11-06 06:56:00', '2025-11-06 06:56:00'),
(71, 34, 9, 3, 'piece', 49, 19.6, 85.75, '2025-11-06 06:56:00', '2025-11-06 06:56:00'),
(72, 35, 9, 3, 'piece', 6, 2.4, 85.75, '2025-12-04 03:48:00', '2025-12-04 03:48:00'),
(73, 35, 11, 4, 'roll', 17.98, 4.495, 279.56, '2025-12-04 03:48:00', '2025-12-04 03:48:00'),
(74, 36, 15, 5, 'roll', 5.3, 1.06, 198.77, '2026-01-06 04:42:00', '2026-01-06 04:42:00'),
(75, 36, 7, 2, 'piece', 50, 30, 55.9, '2026-01-06 04:42:00', '2026-01-06 04:42:00'),
(76, 36, 11, 4, 'roll', 5.15, 1.2875, 279.56, '2026-01-06 04:42:00', '2026-01-06 04:42:00'),
(77, 37, 6, 2, 'piece', 40, 24, 83.91, '2025-10-06 01:46:00', '2025-10-06 01:46:00'),
(78, 37, 14, 4, 'roll', 3.15, 0.7875, 134.68, '2025-10-06 01:46:00', '2025-10-06 01:46:00'),
(79, 38, 9, 3, 'piece', 17, 6.8, 85.75, '2026-03-07 09:11:00', '2026-03-07 09:11:00'),
(80, 38, 16, 6, 'roll', 25.38, 3.807, 196.08, '2026-03-07 09:11:00', '2026-03-07 09:11:00'),
(81, 39, 11, 4, 'roll', 21.59, 5.3975, 279.56, '2025-12-01 08:38:00', '2025-12-01 08:38:00'),
(82, 39, 15, 5, 'roll', 13.63, 2.726, 198.77, '2025-12-01 08:38:00', '2025-12-01 08:38:00'),
(83, 39, 2, 1, 'piece', 26, 13, 64.89, '2025-12-01 08:38:00', '2025-12-01 08:38:00'),
(84, 40, 9, 3, 'piece', 48, 19.2, 85.75, '2025-12-15 09:13:00', '2025-12-15 09:13:00'),
(85, 41, 16, 6, 'roll', 21.16, 3.174, 196.08, '2026-05-01 08:34:00', '2026-05-01 08:34:00'),
(86, 41, 15, 5, 'roll', 23.57, 4.714, 198.77, '2026-05-01 08:34:00', '2026-05-01 08:34:00'),
(87, 41, 1, 1, 'piece', 36, 18, 60.92, '2026-05-01 08:34:00', '2026-05-01 08:34:00'),
(88, 42, 15, 5, 'roll', 14.76, 2.952, 198.77, '2026-02-16 00:17:00', '2026-02-16 00:17:00'),
(89, 43, 9, 3, 'piece', 31, 12.4, 85.75, '2025-10-05 05:19:00', '2025-10-05 05:19:00'),
(90, 43, 15, 5, 'roll', 20.16, 4.032, 198.77, '2025-10-05 05:19:00', '2025-10-05 05:19:00'),
(91, 44, 3, 1, 'piece', 38, 19, 45.16, '2025-09-30 06:46:00', '2025-09-30 06:46:00'),
(92, 44, 16, 6, 'roll', 20.37, 3.0555, 196.08, '2025-09-30 06:46:00', '2025-09-30 06:46:00'),
(93, 45, 9, 3, 'piece', 10, 4, 85.75, '2025-10-03 05:22:00', '2025-10-03 05:22:00'),
(94, 45, 16, 6, 'roll', 3.16, 0.474, 196.08, '2025-10-03 05:22:00', '2025-10-03 05:22:00'),
(95, 45, 15, 5, 'roll', 2.72, 0.544, 198.77, '2025-10-03 05:22:00', '2025-10-03 05:22:00'),
(96, 46, 15, 5, 'roll', 21.26, 4.252, 198.77, '2025-12-10 04:01:00', '2025-12-10 04:01:00'),
(97, 47, 14, 4, 'roll', 7.73, 1.9325, 134.68, '2026-05-01 23:46:00', '2026-05-01 23:46:00'),
(98, 47, 15, 5, 'roll', 30.63, 6.126, 198.77, '2026-05-01 23:46:00', '2026-05-01 23:46:00'),
(99, 47, 8, 2, 'piece', 8, 4.8, 81.91, '2026-05-01 23:46:00', '2026-05-01 23:46:00'),
(100, 48, 9, 3, 'piece', 50, 20, 85.75, '2025-05-06 02:34:00', '2025-05-06 02:34:00'),
(101, 49, 5, 1, 'piece', 23, 11.5, 69.58, '2026-02-22 06:15:00', '2026-02-22 06:15:00'),
(102, 49, 9, 3, 'piece', 40, 16, 85.75, '2026-02-22 06:15:00', '2026-02-22 06:15:00'),
(103, 49, 16, 6, 'roll', 4.86, 0.729, 196.08, '2026-02-22 06:15:00', '2026-02-22 06:15:00'),
(104, 50, 16, 6, 'roll', 15.18, 2.277, 196.08, '2026-04-23 06:59:00', '2026-04-23 06:59:00'),
(105, 50, 8, 2, 'piece', 30, 18, 81.91, '2026-04-23 06:59:00', '2026-04-23 06:59:00'),
(106, 51, 9, 3, 'piece', 45, 18, 85.75, '2026-02-10 02:54:00', '2026-02-10 02:54:00'),
(107, 51, 15, 5, 'roll', 12.39, 2.478, 198.77, '2026-02-10 02:54:00', '2026-02-10 02:54:00'),
(108, 51, 2, 1, 'piece', 6, 3, 64.89, '2026-02-10 02:54:00', '2026-02-10 02:54:00'),
(109, 52, 9, 3, 'piece', 34, 13.6, 85.75, '2025-11-10 06:58:00', '2025-11-10 06:58:00'),
(110, 52, 15, 5, 'roll', 2.9, 0.58, 198.77, '2025-11-10 06:58:00', '2025-11-10 06:58:00'),
(111, 52, 14, 4, 'roll', 25.86, 6.465, 134.68, '2025-11-10 06:58:00', '2025-11-10 06:58:00'),
(112, 53, 6, 2, 'piece', 46, 27.6, 83.91, '2025-12-29 23:11:00', '2025-12-29 23:11:00'),
(113, 53, 2, 1, 'piece', 38, 19, 64.89, '2025-12-29 23:11:00', '2025-12-29 23:11:00'),
(114, 53, 15, 5, 'roll', 4.88, 0.976, 198.77, '2025-12-29 23:11:00', '2025-12-29 23:11:00'),
(115, 54, 8, 2, 'piece', 11, 6.6, 81.91, '2026-04-30 07:48:00', '2026-04-30 07:48:00'),
(116, 55, 11, 4, 'roll', 30.7, 7.675, 279.56, '2026-03-13 09:01:00', '2026-03-13 09:01:00'),
(117, 55, 15, 5, 'roll', 10, 2, 198.77, '2026-03-13 09:01:00', '2026-03-13 09:01:00'),
(118, 55, 1, 1, 'piece', 16, 8, 60.92, '2026-03-13 09:01:00', '2026-03-13 09:01:00'),
(119, 56, 15, 5, 'roll', 19.5, 3.9, 198.77, '2025-10-05 09:25:00', '2025-10-05 09:25:00'),
(120, 57, 14, 4, 'roll', 26.13, 6.5325, 134.68, '2025-09-19 02:05:00', '2025-09-19 02:05:00'),
(121, 57, 7, 2, 'piece', 38, 22.8, 55.9, '2025-09-19 02:05:00', '2025-09-19 02:05:00'),
(122, 57, 9, 3, 'piece', 35, 14, 85.75, '2025-09-19 02:05:00', '2025-09-19 02:05:00'),
(123, 58, 11, 4, 'roll', 10.79, 2.6975, 279.56, '2025-12-21 05:54:00', '2025-12-21 05:54:00'),
(124, 59, 5, 1, 'piece', 35, 17.5, 69.58, '2026-02-24 03:16:00', '2026-02-24 03:16:00'),
(125, 60, 16, 6, 'roll', 18.66, 2.799, 196.08, '2025-10-13 05:54:00', '2025-10-13 05:54:00'),
(126, 61, 3, 1, 'piece', 14, 7, 45.16, '2025-10-05 08:30:00', '2025-10-05 08:30:00'),
(127, 62, 8, 2, 'piece', 21, 12.6, 81.91, '2025-10-15 02:28:00', '2025-10-15 02:28:00'),
(128, 62, 15, 5, 'roll', 22.13, 4.426, 198.77, '2025-10-15 02:28:00', '2025-10-15 02:28:00'),
(129, 63, 1, 1, 'piece', 6, 3, 60.92, '2026-01-08 01:32:00', '2026-01-08 01:32:00'),
(130, 64, 1, 1, 'piece', 17, 8.5, 60.92, '2025-11-14 06:54:00', '2025-11-14 06:54:00'),
(131, 64, 9, 3, 'piece', 19, 7.6, 85.75, '2025-11-14 06:54:00', '2025-11-14 06:54:00'),
(132, 65, 3, 1, 'piece', 23, 11.5, 45.16, '2026-04-21 05:54:00', '2026-04-21 05:54:00'),
(133, 65, 9, 3, 'piece', 43, 17.2, 85.75, '2026-04-21 05:54:00', '2026-04-21 05:54:00'),
(134, 65, 14, 4, 'roll', 5.75, 1.4375, 134.68, '2026-04-21 05:54:00', '2026-04-21 05:54:00'),
(135, 66, 11, 4, 'roll', 14.87, 3.7175, 279.56, '2026-01-17 06:40:00', '2026-01-17 06:40:00'),
(136, 66, 16, 6, 'roll', 26.22, 3.933, 196.08, '2026-01-17 06:40:00', '2026-01-17 06:40:00'),
(137, 66, 8, 2, 'piece', 49, 29.4, 81.91, '2026-01-17 06:40:00', '2026-01-17 06:40:00'),
(138, 67, 14, 4, 'roll', 18.68, 4.67, 134.68, '2025-12-22 08:29:00', '2025-12-22 08:29:00'),
(139, 67, 15, 5, 'roll', 30.41, 6.082, 198.77, '2025-12-22 08:29:00', '2025-12-22 08:29:00'),
(140, 68, 15, 5, 'roll', 15.58, 3.116, 198.77, '2025-10-04 01:34:00', '2025-10-04 01:34:00'),
(141, 68, 11, 4, 'roll', 23.5, 5.875, 279.56, '2025-10-04 01:34:00', '2025-10-04 01:34:00'),
(142, 68, 9, 3, 'piece', 44, 17.6, 85.75, '2025-10-04 01:34:00', '2025-10-04 01:34:00'),
(143, 69, 16, 6, 'roll', 7.98, 1.197, 196.08, '2025-05-06 04:59:00', '2025-05-06 04:59:00'),
(144, 69, 2, 1, 'piece', 20, 10, 64.89, '2025-05-06 04:59:00', '2025-05-06 04:59:00'),
(145, 69, 7, 2, 'piece', 5, 3, 55.9, '2025-05-06 04:59:00', '2025-05-06 04:59:00'),
(146, 70, 15, 5, 'roll', 8.37, 1.674, 198.77, '2026-05-02 05:09:00', '2026-05-02 05:09:00'),
(147, 70, 6, 2, 'piece', 14, 8.4, 83.91, '2026-05-02 05:09:00', '2026-05-02 05:09:00'),
(148, 71, 7, 2, 'piece', 49, 29.4, 55.9, '2025-07-11 09:51:00', '2025-07-11 09:51:00'),
(149, 72, 6, 2, 'piece', 14, 8.4, 83.91, '2025-06-29 05:43:00', '2025-06-29 05:43:00'),
(150, 73, 9, 3, 'piece', 11, 4.4, 85.75, '2026-04-05 09:43:00', '2026-04-05 09:43:00'),
(151, 73, 14, 4, 'roll', 14.59, 3.6475, 134.68, '2026-04-05 09:43:00', '2026-04-05 09:43:00'),
(152, 74, 6, 2, 'piece', 44, 26.4, 83.91, '2026-03-07 08:16:00', '2026-03-07 08:16:00'),
(153, 75, 16, 6, 'roll', 28.41, 4.2615, 196.08, '2025-12-19 05:54:00', '2025-12-19 05:54:00'),
(154, 76, 15, 5, 'roll', 28.57, 5.714, 198.77, '2026-03-15 02:58:00', '2026-03-15 02:58:00'),
(155, 76, 14, 4, 'roll', 20.87, 5.2175, 134.68, '2026-03-15 02:58:00', '2026-03-15 02:58:00'),
(156, 76, 8, 2, 'piece', 17, 10.2, 81.91, '2026-03-15 02:58:00', '2026-03-15 02:58:00'),
(157, 77, 1, 1, 'piece', 39, 19.5, 60.92, '2026-04-28 01:38:00', '2026-04-28 01:38:00'),
(158, 78, 7, 2, 'piece', 33, 19.8, 55.9, '2025-10-02 08:02:00', '2025-10-02 08:02:00'),
(159, 78, 15, 5, 'roll', 13.23, 2.646, 198.77, '2025-10-02 08:02:00', '2025-10-02 08:02:00'),
(160, 78, 5, 1, 'piece', 26, 13, 69.58, '2025-10-02 08:02:00', '2025-10-02 08:02:00'),
(161, 79, 11, 4, 'roll', 12.95, 3.2375, 279.56, '2025-11-22 01:13:00', '2025-11-22 01:13:00'),
(162, 79, 15, 5, 'roll', 4.99, 0.998, 198.77, '2025-11-22 01:13:00', '2025-11-22 01:13:00'),
(163, 80, 9, 3, 'piece', 23, 9.2, 85.75, '2025-12-24 07:39:00', '2025-12-24 07:39:00'),
(164, 81, 16, 6, 'roll', 15.89, 2.3835, 196.08, '2026-01-27 03:37:00', '2026-01-27 03:37:00'),
(165, 81, 9, 3, 'piece', 12, 4.8, 85.75, '2026-01-27 03:37:00', '2026-01-27 03:37:00'),
(166, 82, 9, 3, 'piece', 22, 8.8, 85.75, '2026-03-29 08:56:00', '2026-03-29 08:56:00'),
(167, 82, 3, 1, 'piece', 47, 23.5, 45.16, '2026-03-29 08:56:00', '2026-03-29 08:56:00'),
(168, 83, 11, 4, 'roll', 22, 5.5, 279.56, '2026-03-20 01:52:00', '2026-03-20 01:52:00'),
(169, 84, 16, 6, 'roll', 23.29, 3.4935, 196.08, '2025-10-18 04:08:00', '2025-10-18 04:08:00'),
(170, 85, 9, 3, 'piece', 18, 7.2, 85.75, '2026-01-24 04:27:00', '2026-01-24 04:27:00'),
(171, 85, 14, 4, 'roll', 5.38, 1.345, 134.68, '2026-01-24 04:27:00', '2026-01-24 04:27:00'),
(172, 85, 15, 5, 'roll', 16.58, 3.316, 198.77, '2026-01-24 04:27:00', '2026-01-24 04:27:00'),
(173, 86, 14, 4, 'roll', 28.02, 7.005, 134.68, '2025-07-04 03:55:00', '2025-07-04 03:55:00'),
(174, 87, 16, 6, 'roll', 18.74, 2.811, 196.08, '2025-05-06 04:27:00', '2025-05-06 04:27:00'),
(175, 88, 11, 4, 'roll', 19.17, 4.7925, 279.56, '2025-12-19 07:58:00', '2025-12-19 07:58:00'),
(176, 89, 14, 4, 'roll', 21.27, 5.3175, 134.68, '2026-05-06 23:24:00', '2026-05-06 23:24:00'),
(177, 89, 8, 2, 'piece', 44, 26.4, 81.91, '2026-05-06 23:24:00', '2026-05-06 23:24:00'),
(178, 89, 2, 1, 'piece', 19, 9.5, 64.89, '2026-05-06 23:24:00', '2026-05-06 23:24:00'),
(179, 90, 6, 2, 'piece', 19, 11.4, 83.91, '2025-10-04 05:47:00', '2025-10-04 05:47:00'),
(180, 90, 11, 4, 'roll', 7.14, 1.785, 279.56, '2025-10-04 05:47:00', '2025-10-04 05:47:00'),
(181, 90, 16, 6, 'roll', 15.9, 2.385, 196.08, '2025-10-04 05:47:00', '2025-10-04 05:47:00'),
(182, 91, 9, 3, 'piece', 13, 5.2, 85.75, '2026-04-03 00:03:00', '2026-04-03 00:03:00'),
(183, 91, 7, 2, 'piece', 37, 22.2, 55.9, '2026-04-03 00:03:00', '2026-04-03 00:03:00'),
(184, 92, 6, 2, 'piece', 14, 8.4, 83.91, '2026-01-07 04:22:00', '2026-01-07 04:22:00'),
(185, 92, 16, 6, 'roll', 6.78, 1.017, 196.08, '2026-01-07 04:22:00', '2026-01-07 04:22:00'),
(186, 92, 4, 1, 'piece', 24, 12, 80.97, '2026-01-07 04:22:00', '2026-01-07 04:22:00'),
(187, 93, 15, 5, 'roll', 8.92, 1.784, 198.77, '2025-10-12 00:25:00', '2025-10-12 00:25:00'),
(188, 93, 11, 4, 'roll', 2.95, 0.7375, 279.56, '2025-10-12 00:25:00', '2025-10-12 00:25:00'),
(189, 94, 15, 5, 'roll', 2.13, 0.426, 198.77, '2025-10-21 07:43:00', '2025-10-21 07:43:00'),
(190, 94, 16, 6, 'roll', 17.37, 2.6055, 196.08, '2025-10-21 07:43:00', '2025-10-21 07:43:00'),
(191, 95, 8, 2, 'piece', 11, 6.6, 81.91, '2026-04-08 03:12:00', '2026-04-08 03:12:00'),
(192, 96, 6, 2, 'piece', 33, 19.8, 83.91, '2025-05-22 07:17:00', '2025-05-22 07:17:00'),
(193, 97, 11, 4, 'roll', 23.11, 5.7775, 279.56, '2026-04-13 04:23:00', '2026-04-13 04:23:00'),
(194, 98, 16, 6, 'roll', 5.6, 0.84, 196.08, '2025-09-11 09:07:00', '2025-09-11 09:07:00'),
(195, 98, 15, 5, 'roll', 4.06, 0.812, 198.77, '2025-09-11 09:07:00', '2025-09-11 09:07:00'),
(196, 99, 5, 1, 'piece', 12, 6, 69.58, '2025-05-23 09:38:00', '2025-05-23 09:38:00'),
(197, 100, 8, 2, 'piece', 10, 6, 81.91, '2026-03-02 23:33:00', '2026-03-02 23:33:00');

INSERT INTO `stock_adjustments` (`adjustment_id`, `batch_id`, `product_id`, `user_id`, `quantity_adjusted`, `reason`, `status`, `created_at`, `updated_at`) VALUES
(1, 3, 1, 2, 6, 'lost', 'applied', '2026-05-05 05:48:00', '2026-05-05 05:48:00'),
(2, 7, 2, 2, 12, 'system_reversal', 'applied', '2025-09-23 05:48:00', '2025-09-23 05:48:00'),
(3, 6, 2, 2, 6, 'damaged', 'applied', '2025-09-06 09:27:00', '2025-09-06 09:27:00'),
(4, 9, 3, 1, 19, 'damaged', 'applied', '2026-05-06 00:09:00', '2026-05-06 00:09:00'),
(5, 12, 4, 2, 4.76, 'damaged', 'applied', '2025-11-27 05:58:00', '2025-11-27 05:58:00'),
(6, 10, 4, 1, 2.45, 'system_reversal', 'applied', '2025-10-20 09:48:00', '2025-10-20 09:48:00'),
(7, 15, 5, 1, 2.37, 'recount', 'applied', '2026-01-25 01:47:00', '2026-01-25 01:47:00'),
(8, 15, 5, 2, 6.81, 'lost', 'voided', '2025-12-23 07:44:00', '2025-12-23 07:44:00'),
(9, 16, 6, 2, 10.43, 'damaged', 'applied', '2025-06-26 23:52:00', '2025-06-26 23:52:00');

INSERT INTO `audit_logs` (`log_id`, `user_id`, `action`, `description`, `ip_address`, `user_agent`, `created_at`, `updated_at`) VALUES
(123, NULL, 'auth_sign_in_failed', '{"email":"newmichael@gmail.com","reason":"invalid_credentials","resource_type":"user","resource_id":null}', '203.0.113.10', 'Mozilla/5.0 (Windows NT 10.0; Win64; x64) AppleWebKit/537.36 (KHTML, like Gecko) Chrome/125.0.0.0 Safari/537.36', '2025-05-02 03:29:00', '2025-05-02 03:29:00'),
(124, 1, 'auth_sign_in', '{"email":"newmichael@gmail.com","name":"Michael","role":"owner","resource_type":"user","resource_id":1}', '203.0.113.10', 'Mozilla/5.0 (Windows NT 10.0; Win64; x64) AppleWebKit/537.36 (KHTML, like Gecko) Chrome/125.0.0.0 Safari/537.36', '2025-05-03 06:10:00', '2025-05-03 06:10:00'),
(11, 2, 'stock_in', '{"product_name":"Binder Twine","quantity":139.88,"uom":"roll","batch_code":"BAT-20260509-9495","resource_type":"product","resource_id":4}', '127.0.0.1', 'Node.js seed generator', '2025-05-03 08:40:00', '2025-05-03 08:40:00'),
(126, NULL, 'auth_sign_in_failed', '{"email":"juandelacruz@gmail.com","reason":"invalid_credentials","resource_type":"user","resource_id":null}', '203.0.113.24', 'Mozilla/5.0 (iPhone; CPU iPhone OS 17_5 like Mac OS X) AppleWebKit/605.1.15 (KHTML, like Gecko) Version/17.5 Mobile/15E148 Safari/604.1', '2025-05-04 00:39:00', '2025-05-04 00:39:00'),
(127, 2, 'auth_sign_in', '{"email":"juandelacruz@gmail.com","name":"Juan dela Cruz","role":"staff","resource_type":"user","resource_id":2}', '203.0.113.24', 'Mozilla/5.0 (iPhone; CPU iPhone OS 17_5 like Mac OS X) AppleWebKit/605.1.15 (KHTML, like Gecko) Version/17.5 Mobile/15E148 Safari/604.1', '2025-05-05 04:49:00', '2025-05-05 04:49:00'),
(101, 1, 'stock_out', '{"total_quantity":18.74,"items_count":1,"customer_reference":null,"products":[{"name":"Sisal Twine","category":"twines","uom":"roll","quantity":18.74}],"resource_type":"dispatch","resource_id":87}', '127.0.0.1', 'Node.js seed generator', '2025-05-06 03:08:00', '2025-05-06 03:08:00'),
(84, 2, 'stock_out', '{"total_quantity":32.98,"items_count":3,"customer_reference":"DR-6318","products":[{"name":"Sisal Twine","category":"twines","uom":"roll","quantity":7.98},{"name":"Rice Sack","category":"sacks","uom":"piece","quantity":20},{"name":"Gunny Sack","category":"sacks","uom":"piece","quantity":5}],"resource_type":"dispatch","resource_id":69}', '127.0.0.1', 'Node.js seed generator', '2025-05-06 04:27:00', '2025-05-06 04:27:00'),
(64, 1, 'stock_out', '{"total_quantity":50,"items_count":1,"customer_reference":null,"products":[{"name":"Flour Sack","category":"sacks","uom":"piece","quantity":50}],"resource_type":"dispatch","resource_id":48}', '127.0.0.1', 'Node.js seed generator', '2025-05-06 08:07:00', '2025-05-06 08:07:00'),
(110, 2, 'stock_out', '{"total_quantity":33,"items_count":1,"customer_reference":null,"products":[{"name":"Gunny Sack","category":"sacks","uom":"piece","quantity":33}],"resource_type":"dispatch","resource_id":96}', '127.0.0.1', 'Node.js seed generator', '2025-05-22 09:09:00', '2025-05-22 09:09:00'),
(122, 2, 'batch_update', '{"batch_id":16,"batch_code":"BAT-20260509-5539","changes":{"quantity_remaining":{"old":168.35,"new":157.92}},"resource_type":"batch","resource_id":16}', '127.0.0.1', 'Node.js seed generator', '2025-06-26 02:47:00', '2025-06-26 02:47:00'),
(100, 1, 'stock_out', '{"total_quantity":28.02,"items_count":1,"customer_reference":"DR-3815","products":[{"name":"Binder Twine","category":"twines","uom":"roll","quantity":28.02}],"resource_type":"dispatch","resource_id":86}', '127.0.0.1', 'Node.js seed generator', '2025-07-04 00:38:00', '2025-07-04 00:38:00'),
(39, 1, 'stock_out', '{"total_quantity":28.18,"items_count":2,"customer_reference":"PO-2025-2844","products":[{"name":"Sisal Twine","category":"twines","uom":"roll","quantity":18.18},{"name":"Gunny Sack","category":"sacks","uom":"piece","quantity":10}],"resource_type":"dispatch","resource_id":22}', '127.0.0.1', 'Node.js seed generator', '2025-07-06 06:06:00', '2025-07-06 06:06:00'),
(34, 2, 'stock_out', '{"total_quantity":28.66,"items_count":2,"customer_reference":"SO-920","products":[{"name":"Baler Twine","category":"twines","uom":"roll","quantity":23.66},{"name":"Gunny Sack","category":"sacks","uom":"piece","quantity":5}],"resource_type":"dispatch","resource_id":17}', '127.0.0.1', 'Node.js seed generator', '2025-07-07 09:48:00', '2025-07-07 09:48:00'),
(86, 2, 'stock_out', '{"total_quantity":49,"items_count":1,"customer_reference":"SO-362","products":[{"name":"Gunny Sack","category":"sacks","uom":"piece","quantity":49}],"resource_type":"dispatch","resource_id":71}', '127.0.0.1', 'Node.js seed generator', '2025-07-11 00:23:00', '2025-07-11 00:23:00'),
(40, 2, 'stock_out', '{"total_quantity":48,"items_count":1,"customer_reference":null,"products":[{"name":"Rice Sack","category":"sacks","uom":"piece","quantity":48}],"resource_type":"dispatch","resource_id":23}', '127.0.0.1', 'Node.js seed generator', '2025-07-22 07:01:00', '2025-07-22 07:01:00'),
(2, 1, 'stock_in', '{"product_name":"Rice Sack","quantity":262,"uom":"piece","batch_code":"BAT-20260509-2372","resource_type":"product","resource_id":1}', '127.0.0.1', 'Node.js seed generator', '2025-07-28 04:25:00', '2025-07-28 04:25:00'),
(10, 1, 'stock_in', '{"product_name":"Flour Sack","quantity":362,"uom":"piece","batch_code":"BAT-20260509-7948","resource_type":"product","resource_id":3}', '127.0.0.1', 'Node.js seed generator', '2025-08-19 00:30:00', '2025-08-19 00:30:00'),
(26, 1, 'stock_out', '{"total_quantity":29.76,"items_count":1,"customer_reference":null,"products":[{"name":"Baler Twine","category":"twines","uom":"roll","quantity":29.76}],"resource_type":"dispatch","resource_id":9}', '127.0.0.1', 'Node.js seed generator', '2025-08-22 06:58:00', '2025-08-22 06:58:00'),
(3, 1, 'stock_in', '{"product_name":"Rice Sack","quantity":259,"uom":"piece","batch_code":"BAT-20260509-8028","resource_type":"product","resource_id":1}', '127.0.0.1', 'Node.js seed generator', '2025-08-24 03:10:00', '2025-08-24 03:10:00'),
(37, 1, 'stock_out', '{"total_quantity":44.78,"items_count":3,"customer_reference":"DR-6661","products":[{"name":"Binder Twine","category":"twines","uom":"roll","quantity":6.35},{"name":"Sisal Twine","category":"twines","uom":"roll","quantity":3.43},{"name":"Rice Sack","category":"sacks","uom":"piece","quantity":35}],"resource_type":"dispatch","resource_id":20}', '127.0.0.1', 'Node.js seed generator', '2025-08-31 03:12:00', '2025-08-31 03:12:00'),
(116, 2, 'batch_update', '{"batch_id":6,"batch_code":"BAT-20260509-2902","changes":{"quantity_remaining":{"old":145.2,"new":139.2}},"resource_type":"batch","resource_id":6}', '127.0.0.1', 'Node.js seed generator', '2025-09-06 09:09:00', '2025-09-06 09:09:00'),
(7, 1, 'stock_in', '{"product_name":"Gunny Sack","quantity":315,"uom":"piece","batch_code":"BAT-20260509-2902","resource_type":"product","resource_id":2}', '127.0.0.1', 'Node.js seed generator', '2025-09-11 08:13:00', '2025-09-11 08:13:00'),
(112, 2, 'stock_out', '{"total_quantity":9.66,"items_count":2,"customer_reference":null,"products":[{"name":"Sisal Twine","category":"twines","uom":"roll","quantity":5.6},{"name":"Baler Twine","category":"twines","uom":"roll","quantity":4.06}],"resource_type":"dispatch","resource_id":98}', '127.0.0.1', 'Node.js seed generator', '2025-09-11 09:07:00', '2025-09-11 09:07:00'),
(73, 2, 'stock_out', '{"total_quantity":99.13,"items_count":3,"customer_reference":null,"products":[{"name":"Binder Twine","category":"twines","uom":"roll","quantity":26.13},{"name":"Gunny Sack","category":"sacks","uom":"piece","quantity":38},{"name":"Flour Sack","category":"sacks","uom":"piece","quantity":35}],"resource_type":"dispatch","resource_id":57}', '127.0.0.1', 'Node.js seed generator', '2025-09-19 07:01:00', '2025-09-19 07:01:00'),
(33, 2, 'stock_out', '{"total_quantity":51.66,"items_count":3,"customer_reference":null,"products":[{"name":"Rice Sack","category":"sacks","uom":"piece","quantity":29},{"name":"Sisal Twine","category":"twines","uom":"roll","quantity":3.24},{"name":"Baler Twine","category":"twines","uom":"roll","quantity":19.42}],"resource_type":"dispatch","resource_id":16}', '127.0.0.1', 'Node.js seed generator', '2025-09-23 06:12:00', '2025-09-23 06:12:00'),
(115, 2, 'batch_update', '{"batch_id":7,"batch_code":"BAT-20260509-7402","changes":{"quantity_remaining":{"old":147.8,"new":135.8}},"resource_type":"batch","resource_id":7}', '127.0.0.1', 'Node.js seed generator', '2025-09-23 07:24:00', '2025-09-23 07:24:00'),
(60, 2, 'stock_out', '{"total_quantity":58.37,"items_count":2,"customer_reference":"SO-369","products":[{"name":"Rice Sack","category":"sacks","uom":"piece","quantity":38},{"name":"Sisal Twine","category":"twines","uom":"roll","quantity":20.37}],"resource_type":"dispatch","resource_id":44}', '127.0.0.1', 'Node.js seed generator', '2025-09-30 04:15:00', '2025-09-30 04:15:00'),
(4, 1, 'stock_in', '{"product_name":"Rice Sack","quantity":396,"uom":"piece","batch_code":"BAT-20260509-8681","resource_type":"product","resource_id":1}', '127.0.0.1', 'Node.js seed generator', '2025-09-30 07:02:00', '2025-09-30 07:02:00'),
(92, 2, 'stock_out', '{"total_quantity":72.23,"items_count":3,"customer_reference":"SO-959","products":[{"name":"Gunny Sack","category":"sacks","uom":"piece","quantity":33},{"name":"Baler Twine","category":"twines","uom":"roll","quantity":13.23},{"name":"Rice Sack","category":"sacks","uom":"piece","quantity":26}],"resource_type":"dispatch","resource_id":78}', '127.0.0.1', 'Node.js seed generator', '2025-10-02 00:30:00', '2025-10-02 00:30:00'),
(24, 2, 'stock_out', '{"total_quantity":66,"items_count":2,"customer_reference":"DR-9783","products":[{"name":"Gunny Sack","category":"sacks","uom":"piece","quantity":25},{"name":"Flour Sack","category":"sacks","uom":"piece","quantity":41}],"resource_type":"dispatch","resource_id":7}', '127.0.0.1', 'Node.js seed generator', '2025-10-03 03:40:00', '2025-10-03 03:40:00'),
(61, 2, 'stock_out', '{"total_quantity":15.88,"items_count":3,"customer_reference":"PO-2025-8430","products":[{"name":"Flour Sack","category":"sacks","uom":"piece","quantity":10},{"name":"Sisal Twine","category":"twines","uom":"roll","quantity":3.16},{"name":"Baler Twine","category":"twines","uom":"roll","quantity":2.72}],"resource_type":"dispatch","resource_id":45}', '127.0.0.1', 'Node.js seed generator', '2025-10-03 08:24:00', '2025-10-03 08:24:00'),
(83, 1, 'stock_out', '{"total_quantity":83.08,"items_count":3,"customer_reference":"DR-8370","products":[{"name":"Baler Twine","category":"twines","uom":"roll","quantity":15.58},{"name":"Binder Twine","category":"twines","uom":"roll","quantity":23.5},{"name":"Flour Sack","category":"sacks","uom":"piece","quantity":44}],"resource_type":"dispatch","resource_id":68}', '127.0.0.1', 'Node.js seed generator', '2025-10-04 05:36:00', '2025-10-04 05:36:00'),
(104, 1, 'stock_out', '{"total_quantity":42.04,"items_count":3,"customer_reference":"PO-2025-1284","products":[{"name":"Gunny Sack","category":"sacks","uom":"piece","quantity":19},{"name":"Binder Twine","category":"twines","uom":"roll","quantity":7.14},{"name":"Sisal Twine","category":"twines","uom":"roll","quantity":15.9}],"resource_type":"dispatch","resource_id":90}', '127.0.0.1', 'Node.js seed generator', '2025-10-04 09:51:00', '2025-10-04 09:51:00'),
(72, 2, 'stock_out', '{"total_quantity":19.5,"items_count":1,"customer_reference":null,"products":[{"name":"Baler Twine","category":"twines","uom":"roll","quantity":19.5}],"resource_type":"dispatch","resource_id":56}', '127.0.0.1', 'Node.js seed generator', '2025-10-05 01:34:00', '2025-10-05 01:34:00'),
(77, 1, 'stock_out', '{"total_quantity":14,"items_count":1,"customer_reference":null,"products":[{"name":"Rice Sack","category":"sacks","uom":"piece","quantity":14}],"resource_type":"dispatch","resource_id":61}', '127.0.0.1', 'Node.js seed generator', '2025-10-05 09:37:00', '2025-10-05 09:37:00'),
(59, 2, 'stock_out', '{"total_quantity":51.16,"items_count":2,"customer_reference":"PO-2025-9431","products":[{"name":"Flour Sack","category":"sacks","uom":"piece","quantity":31},{"name":"Baler Twine","category":"twines","uom":"roll","quantity":20.16}],"resource_type":"dispatch","resource_id":43}', '127.0.0.1', 'Node.js seed generator', '2025-10-05 09:57:00', '2025-10-05 09:57:00'),
(54, 2, 'stock_out', '{"total_quantity":43.15,"items_count":2,"customer_reference":null,"products":[{"name":"Gunny Sack","category":"sacks","uom":"piece","quantity":40},{"name":"Binder Twine","category":"twines","uom":"roll","quantity":3.15}],"resource_type":"dispatch","resource_id":37}', '127.0.0.1', 'Node.js seed generator', '2025-10-06 02:46:00', '2025-10-06 02:46:00'),
(41, 1, 'stock_out', '{"total_quantity":76.34,"items_count":3,"customer_reference":null,"products":[{"name":"Sisal Twine","category":"twines","uom":"roll","quantity":6.34},{"name":"Rice Sack","category":"sacks","uom":"piece","quantity":39},{"name":"Gunny Sack","category":"sacks","uom":"piece","quantity":31}],"resource_type":"dispatch","resource_id":24}', '127.0.0.1', 'Node.js seed generator', '2025-10-10 05:23:00', '2025-10-10 05:23:00'),
(21, 1, 'stock_out', '{"total_quantity":69.77,"items_count":3,"customer_reference":"DR-6273","products":[{"name":"Baler Twine","category":"twines","uom":"roll","quantity":15.77},{"name":"Flour Sack","category":"sacks","uom":"piece","quantity":46},{"name":"Rice Sack","category":"sacks","uom":"piece","quantity":8}],"resource_type":"dispatch","resource_id":4}', '127.0.0.1', 'Node.js seed generator', '2025-10-11 05:48:00', '2025-10-11 05:48:00'),
(107, 2, 'stock_out', '{"total_quantity":11.87,"items_count":2,"customer_reference":null,"products":[{"name":"Baler Twine","category":"twines","uom":"roll","quantity":8.92},{"name":"Binder Twine","category":"twines","uom":"roll","quantity":2.95}],"resource_type":"dispatch","resource_id":93}', '127.0.0.1', 'Node.js seed generator', '2025-10-12 07:07:00', '2025-10-12 07:07:00'),
(76, 2, 'stock_out', '{"total_quantity":18.66,"items_count":1,"customer_reference":null,"products":[{"name":"Sisal Twine","category":"twines","uom":"roll","quantity":18.66}],"resource_type":"dispatch","resource_id":60}', '127.0.0.1', 'Node.js seed generator', '2025-10-13 02:04:00', '2025-10-13 02:04:00'),
(36, 2, 'stock_out', '{"total_quantity":26.61,"items_count":2,"customer_reference":null,"products":[{"name":"Binder Twine","category":"twines","uom":"roll","quantity":23.76},{"name":"Baler Twine","category":"twines","uom":"roll","quantity":2.85}],"resource_type":"dispatch","resource_id":19}', '127.0.0.1', 'Node.js seed generator', '2025-10-13 03:22:00', '2025-10-13 03:22:00'),
(98, 2, 'stock_out', '{"total_quantity":23.29,"items_count":1,"customer_reference":null,"products":[{"name":"Sisal Twine","category":"twines","uom":"roll","quantity":23.29}],"resource_type":"dispatch","resource_id":84}', '127.0.0.1', 'Node.js seed generator', '2025-10-18 04:23:00', '2025-10-18 04:23:00'),
(119, 1, 'batch_update', '{"batch_id":10,"batch_code":"BAT-20260509-9495","changes":{"quantity_remaining":{"old":137.43,"new":134.98}},"resource_type":"batch","resource_id":10}', '127.0.0.1', 'Node.js seed generator', '2025-10-20 08:45:00', '2025-10-20 08:45:00'),
(108, 1, 'stock_out', '{"total_quantity":19.5,"items_count":2,"customer_reference":null,"products":[{"name":"Baler Twine","category":"twines","uom":"roll","quantity":2.13},{"name":"Sisal Twine","category":"twines","uom":"roll","quantity":17.37}],"resource_type":"dispatch","resource_id":94}', '127.0.0.1', 'Node.js seed generator', '2025-10-20 23:29:00', '2025-10-20 23:29:00'),
(25, 2, 'stock_out', '{"total_quantity":8.24,"items_count":1,"customer_reference":"PO-2025-6400","products":[{"name":"Binder Twine","category":"twines","uom":"roll","quantity":8.24}],"resource_type":"dispatch","resource_id":8}', '127.0.0.1', 'Node.js seed generator', '2025-11-02 08:31:00', '2025-11-02 08:31:00'),
(12, 2, 'stock_in', '{"product_name":"Binder Twine","quantity":243.15,"uom":"roll","batch_code":"BAT-20260509-2792","resource_type":"product","resource_id":4}', '127.0.0.1', 'Node.js seed generator', '2025-11-03 07:45:00', '2025-11-03 07:45:00'),
(50, 1, 'stock_out', '{"total_quantity":23.04,"items_count":1,"customer_reference":null,"products":[{"name":"Baler Twine","category":"twines","uom":"roll","quantity":23.04}],"resource_type":"dispatch","resource_id":33}', '127.0.0.1', 'Node.js seed generator', '2025-11-06 04:50:00', '2025-11-06 04:50:00'),
(51, 1, 'stock_out', '{"total_quantity":75.18,"items_count":3,"customer_reference":"SO-686","products":[{"name":"Binder Twine","category":"twines","uom":"roll","quantity":22.26},{"name":"Baler Twine","category":"twines","uom":"roll","quantity":3.92},{"name":"Flour Sack","category":"sacks","uom":"piece","quantity":49}],"resource_type":"dispatch","resource_id":34}', '127.0.0.1', 'Node.js seed generator', '2025-11-06 08:59:00', '2025-11-06 08:59:00'),
(13, 1, 'stock_in', '{"product_name":"Binder Twine","quantity":122.99,"uom":"roll","batch_code":"BAT-20260509-2585","resource_type":"product","resource_id":4}', '127.0.0.1', 'Node.js seed generator', '2025-11-09 02:46:00', '2025-11-09 02:46:00'),
(68, 2, 'stock_out', '{"total_quantity":62.76,"items_count":3,"customer_reference":"SO-129","products":[{"name":"Flour Sack","category":"sacks","uom":"piece","quantity":34},{"name":"Baler Twine","category":"twines","uom":"roll","quantity":2.9},{"name":"Binder Twine","category":"twines","uom":"roll","quantity":25.86}],"resource_type":"dispatch","resource_id":52}', '127.0.0.1', 'Node.js seed generator', '2025-11-10 05:02:00', '2025-11-10 05:02:00'),
(79, 2, 'stock_out', '{"total_quantity":36,"items_count":2,"customer_reference":null,"products":[{"name":"Rice Sack","category":"sacks","uom":"piece","quantity":17},{"name":"Flour Sack","category":"sacks","uom":"piece","quantity":19}],"resource_type":"dispatch","resource_id":64}', '127.0.0.1', 'Node.js seed generator', '2025-11-14 06:54:00', '2025-11-14 06:54:00'),
(30, 1, 'stock_out', '{"total_quantity":56,"items_count":2,"customer_reference":null,"products":[{"name":"Flour Sack","category":"sacks","uom":"piece","quantity":35},{"name":"Rice Sack","category":"sacks","uom":"piece","quantity":21}],"resource_type":"dispatch","resource_id":13}', '127.0.0.1', 'Node.js seed generator', '2025-11-17 01:45:00', '2025-11-17 01:45:00'),
(93, 1, 'stock_out', '{"total_quantity":17.94,"items_count":2,"customer_reference":null,"products":[{"name":"Binder Twine","category":"twines","uom":"roll","quantity":12.95},{"name":"Baler Twine","category":"twines","uom":"roll","quantity":4.99}],"resource_type":"dispatch","resource_id":79}', '127.0.0.1', 'Node.js seed generator', '2025-11-22 08:30:00', '2025-11-22 08:30:00'),
(19, 1, 'stock_out', '{"total_quantity":34.6,"items_count":3,"customer_reference":"PO-2025-4884","products":[{"name":"Rice Sack","category":"sacks","uom":"piece","quantity":11},{"name":"Baler Twine","category":"twines","uom":"roll","quantity":9.6},{"name":"Gunny Sack","category":"sacks","uom":"piece","quantity":14}],"resource_type":"dispatch","resource_id":2}', '127.0.0.1', 'Node.js seed generator', '2025-11-24 01:00:00', '2025-11-24 01:00:00'),
(18, 2, 'stock_out', '{"total_quantity":41.55,"items_count":2,"customer_reference":"DR-3637","products":[{"name":"Flour Sack","category":"sacks","uom":"piece","quantity":26},{"name":"Binder Twine","category":"twines","uom":"roll","quantity":15.55}],"resource_type":"dispatch","resource_id":1}', '127.0.0.1', 'Node.js seed generator', '2025-11-26 06:46:00', '2025-11-26 06:46:00'),
(118, 2, 'batch_update', '{"batch_id":12,"batch_code":"BAT-20260509-2585","changes":{"quantity_remaining":{"old":118.23,"new":113.47}},"resource_type":"batch","resource_id":12}', '127.0.0.1', 'Node.js seed generator', '2025-11-27 06:46:00', '2025-11-27 06:46:00'),
(5, 1, 'stock_in', '{"product_name":"Rice Sack","quantity":207,"uom":"piece","batch_code":"BAT-20260509-4137","resource_type":"product","resource_id":1}', '127.0.0.1', 'Node.js seed generator', '2025-11-27 07:33:00', '2025-11-27 07:33:00'),
(32, 1, 'stock_out', '{"total_quantity":26,"items_count":1,"customer_reference":"PO-2025-7225","products":[{"name":"Gunny Sack","category":"sacks","uom":"piece","quantity":26}],"resource_type":"dispatch","resource_id":15}', '127.0.0.1', 'Node.js seed generator', '2025-11-30 09:58:00', '2025-11-30 09:58:00'),
(56, 2, 'stock_out', '{"total_quantity":61.22,"items_count":3,"customer_reference":null,"products":[{"name":"Binder Twine","category":"twines","uom":"roll","quantity":21.59},{"name":"Baler Twine","category":"twines","uom":"roll","quantity":13.63},{"name":"Rice Sack","category":"sacks","uom":"piece","quantity":26}],"resource_type":"dispatch","resource_id":39}', '127.0.0.1', 'Node.js seed generator', '2025-12-01 07:19:00', '2025-12-01 07:19:00'),
(52, 1, 'stock_out', '{"total_quantity":23.98,"items_count":2,"customer_reference":null,"products":[{"name":"Flour Sack","category":"sacks","uom":"piece","quantity":6},{"name":"Binder Twine","category":"twines","uom":"roll","quantity":17.98}],"resource_type":"dispatch","resource_id":35}', '127.0.0.1', 'Node.js seed generator', '2025-12-04 01:53:00', '2025-12-04 01:53:00'),
(46, 2, 'stock_out', '{"total_quantity":35.6,"items_count":3,"customer_reference":null,"products":[{"name":"Rice Sack","category":"sacks","uom":"piece","quantity":6},{"name":"Sisal Twine","category":"twines","uom":"roll","quantity":19.6},{"name":"Binder Twine","category":"twines","uom":"roll","quantity":10}],"resource_type":"dispatch","resource_id":29}', '127.0.0.1', 'Node.js seed generator', '2025-12-05 08:32:00', '2025-12-05 08:32:00'),
(62, 2, 'stock_out', '{"total_quantity":21.26,"items_count":1,"customer_reference":null,"products":[{"name":"Baler Twine","category":"twines","uom":"roll","quantity":21.26}],"resource_type":"dispatch","resource_id":46}', '127.0.0.1', 'Node.js seed generator', '2025-12-10 08:59:00', '2025-12-10 08:59:00'),
(23, 2, 'stock_out', '{"total_quantity":4.73,"items_count":1,"customer_reference":null,"products":[{"name":"Binder Twine","category":"twines","uom":"roll","quantity":4.73}],"resource_type":"dispatch","resource_id":6}', '127.0.0.1', 'Node.js seed generator', '2025-12-13 03:02:00', '2025-12-13 03:02:00'),
(22, 2, 'stock_out', '{"total_quantity":38.98,"items_count":2,"customer_reference":null,"products":[{"name":"Gunny Sack","category":"sacks","uom":"piece","quantity":9},{"name":"Binder Twine","category":"twines","uom":"roll","quantity":29.98}],"resource_type":"dispatch","resource_id":5}', '127.0.0.1', 'Node.js seed generator', '2025-12-14 03:09:00', '2025-12-14 03:09:00'),
(57, 1, 'stock_out', '{"total_quantity":48,"items_count":1,"customer_reference":null,"products":[{"name":"Flour Sack","category":"sacks","uom":"piece","quantity":48}],"resource_type":"dispatch","resource_id":40}', '127.0.0.1', 'Node.js seed generator', '2025-12-14 23:41:00', '2025-12-14 23:41:00'),
(27, 1, 'stock_out', '{"total_quantity":68,"items_count":2,"customer_reference":"DR-5177","products":[{"name":"Rice Sack","category":"sacks","uom":"piece","quantity":35},{"name":"Gunny Sack","category":"sacks","uom":"piece","quantity":33}],"resource_type":"dispatch","resource_id":10}', '127.0.0.1', 'Node.js seed generator', '2025-12-16 23:01:00', '2025-12-16 23:01:00'),
(89, 2, 'stock_out', '{"total_quantity":28.41,"items_count":1,"customer_reference":null,"products":[{"name":"Sisal Twine","category":"twines","uom":"roll","quantity":28.41}],"resource_type":"dispatch","resource_id":75}', '127.0.0.1', 'Node.js seed generator', '2025-12-18 23:46:00', '2025-12-18 23:46:00'),
(102, 1, 'stock_out', '{"total_quantity":19.17,"items_count":1,"customer_reference":null,"products":[{"name":"Binder Twine","category":"twines","uom":"roll","quantity":19.17}],"resource_type":"dispatch","resource_id":88}', '127.0.0.1', 'Node.js seed generator', '2025-12-19 09:32:00', '2025-12-19 09:32:00'),
(8, 2, 'stock_in', '{"product_name":"Gunny Sack","quantity":377,"uom":"piece","batch_code":"BAT-20260509-7402","resource_type":"product","resource_id":2}', '127.0.0.1', 'Node.js seed generator', '2025-12-20 08:16:00', '2025-12-20 08:16:00'),
(47, 1, 'stock_out', '{"total_quantity":49.62,"items_count":2,"customer_reference":null,"products":[{"name":"Baler Twine","category":"twines","uom":"roll","quantity":20.62},{"name":"Flour Sack","category":"sacks","uom":"piece","quantity":29}],"resource_type":"dispatch","resource_id":30}', '127.0.0.1', 'Node.js seed generator', '2025-12-21 00:48:00', '2025-12-21 00:48:00'),
(74, 1, 'stock_out', '{"total_quantity":10.79,"items_count":1,"customer_reference":"PO-2025-2899","products":[{"name":"Binder Twine","category":"twines","uom":"roll","quantity":10.79}],"resource_type":"dispatch","resource_id":58}', '127.0.0.1', 'Node.js seed generator', '2025-12-21 05:28:00', '2025-12-21 05:28:00'),
(82, 1, 'stock_out', '{"total_quantity":49.09,"items_count":2,"customer_reference":null,"products":[{"name":"Binder Twine","category":"twines","uom":"roll","quantity":18.68},{"name":"Baler Twine","category":"twines","uom":"roll","quantity":30.41}],"resource_type":"dispatch","resource_id":67}', '127.0.0.1', 'Node.js seed generator', '2025-12-22 09:20:00', '2025-12-22 09:20:00'),
(121, 2, 'batch_void', '{"batch_id":15,"batch_code":"BAT-20260509-6641","quantity_removed":6.81,"cost_removed":1353.62,"reason":"lost","resource_type":"batch","resource_id":15}', '127.0.0.1', 'Node.js seed generator', '2025-12-23 02:31:00', '2025-12-23 02:31:00'),
(49, 1, 'stock_out', '{"total_quantity":70.45,"items_count":2,"customer_reference":null,"products":[{"name":"Flour Sack","category":"sacks","uom":"piece","quantity":43},{"name":"Baler Twine","category":"twines","uom":"roll","quantity":27.45}],"resource_type":"dispatch","resource_id":32}', '127.0.0.1', 'Node.js seed generator', '2025-12-23 05:49:00', '2025-12-23 05:49:00'),
(94, 1, 'stock_out', '{"total_quantity":23,"items_count":1,"customer_reference":null,"products":[{"name":"Flour Sack","category":"sacks","uom":"piece","quantity":23}],"resource_type":"dispatch","resource_id":80}', '127.0.0.1', 'Node.js seed generator', '2025-12-24 07:35:00', '2025-12-24 07:35:00'),
(35, 2, 'stock_out', '{"total_quantity":47.75,"items_count":3,"customer_reference":null,"products":[{"name":"Binder Twine","category":"twines","uom":"roll","quantity":17.94},{"name":"Sisal Twine","category":"twines","uom":"roll","quantity":6.81},{"name":"Flour Sack","category":"sacks","uom":"piece","quantity":23}],"resource_type":"dispatch","resource_id":18}', '127.0.0.1', 'Node.js seed generator', '2025-12-24 08:10:00', '2025-12-24 08:10:00'),
(31, 1, 'stock_out', '{"total_quantity":94.47,"items_count":3,"customer_reference":"SO-661","products":[{"name":"Flour Sack","category":"sacks","uom":"piece","quantity":31},{"name":"Rice Sack","category":"sacks","uom":"piece","quantity":40},{"name":"Baler Twine","category":"twines","uom":"roll","quantity":23.47}],"resource_type":"dispatch","resource_id":14}', '127.0.0.1', 'Node.js seed generator', '2025-12-26 03:05:00', '2025-12-26 03:05:00'),
(42, 1, 'stock_out', '{"total_quantity":67.3,"items_count":3,"customer_reference":"PO-2025-8822","products":[{"name":"Flour Sack","category":"sacks","uom":"piece","quantity":15},{"name":"Binder Twine","category":"twines","uom":"roll","quantity":7.3},{"name":"Rice Sack","category":"sacks","uom":"piece","quantity":45}],"resource_type":"dispatch","resource_id":25}', '127.0.0.1', 'Node.js seed generator', '2025-12-26 07:04:00', '2025-12-26 07:04:00'),
(17, 1, 'stock_in', '{"product_name":"Sisal Twine","quantity":229.66,"uom":"roll","batch_code":"BAT-20260509-5539","resource_type":"product","resource_id":6}', '127.0.0.1', 'Node.js seed generator', '2025-12-26 08:43:00', '2025-12-26 08:43:00'),
(16, 1, 'stock_in', '{"product_name":"Baler Twine","quantity":218.1,"uom":"roll","batch_code":"BAT-20260509-6641","resource_type":"product","resource_id":5}', '127.0.0.1', 'Node.js seed generator', '2025-12-27 02:23:00', '2025-12-27 02:23:00'),
(69, 2, 'stock_out', '{"total_quantity":88.88,"items_count":3,"customer_reference":null,"products":[{"name":"Gunny Sack","category":"sacks","uom":"piece","quantity":46},{"name":"Rice Sack","category":"sacks","uom":"piece","quantity":38},{"name":"Baler Twine","category":"twines","uom":"roll","quantity":4.88}],"resource_type":"dispatch","resource_id":53}', '127.0.0.1', 'Node.js seed generator', '2025-12-29 07:23:00', '2025-12-29 07:23:00'),
(53, 1, 'stock_out', '{"total_quantity":60.45,"items_count":3,"customer_reference":"DR-5433","products":[{"name":"Baler Twine","category":"twines","uom":"roll","quantity":5.3},{"name":"Gunny Sack","category":"sacks","uom":"piece","quantity":50},{"name":"Binder Twine","category":"twines","uom":"roll","quantity":5.15}],"resource_type":"dispatch","resource_id":36}', '127.0.0.1', 'Node.js seed generator', '2026-01-06 01:22:00', '2026-01-06 01:22:00'),
(43, 2, 'stock_out', '{"total_quantity":18.6,"items_count":1,"customer_reference":null,"products":[{"name":"Binder Twine","category":"twines","uom":"roll","quantity":18.6}],"resource_type":"dispatch","resource_id":26}', '127.0.0.1', 'Node.js seed generator', '2026-01-06 07:54:00', '2026-01-06 07:54:00'),
(106, 1, 'stock_out', '{"total_quantity":44.78,"items_count":3,"customer_reference":"DR-7334","products":[{"name":"Gunny Sack","category":"sacks","uom":"piece","quantity":14},{"name":"Sisal Twine","category":"twines","uom":"roll","quantity":6.78},{"name":"Rice Sack","category":"sacks","uom":"piece","quantity":24}],"resource_type":"dispatch","resource_id":92}', '127.0.0.1', 'Node.js seed generator', '2026-01-07 07:35:00', '2026-01-07 07:35:00'),
(78, 2, 'stock_out', '{"total_quantity":6,"items_count":1,"customer_reference":"SO-797","products":[{"name":"Rice Sack","category":"sacks","uom":"piece","quantity":6}],"resource_type":"dispatch","resource_id":63}', '127.0.0.1', 'Node.js seed generator', '2026-01-08 04:23:00', '2026-01-08 04:23:00'),
(81, 2, 'stock_out', '{"total_quantity":90.09,"items_count":3,"customer_reference":null,"products":[{"name":"Binder Twine","category":"twines","uom":"roll","quantity":14.87},{"name":"Sisal Twine","category":"twines","uom":"roll","quantity":26.22},{"name":"Gunny Sack","category":"sacks","uom":"piece","quantity":49}],"resource_type":"dispatch","resource_id":66}', '127.0.0.1', 'Node.js seed generator', '2026-01-17 09:03:00', '2026-01-17 09:03:00'),
(99, 2, 'stock_out', '{"total_quantity":39.96,"items_count":3,"customer_reference":null,"products":[{"name":"Flour Sack","category":"sacks","uom":"piece","quantity":18},{"name":"Binder Twine","category":"twines","uom":"roll","quantity":5.38},{"name":"Baler Twine","category":"twines","uom":"roll","quantity":16.58}],"resource_type":"dispatch","resource_id":85}', '127.0.0.1', 'Node.js seed generator', '2026-01-24 03:42:00', '2026-01-24 03:42:00'),
(120, 1, 'batch_update', '{"batch_id":15,"batch_code":"BAT-20260509-6641","changes":{"quantity_remaining":{"old":101.54,"new":99.17}},"resource_type":"batch","resource_id":15}', '127.0.0.1', 'Node.js seed generator', '2026-01-25 08:27:00', '2026-01-25 08:27:00'),
(95, 1, 'stock_out', '{"total_quantity":27.89,"items_count":2,"customer_reference":"SO-981","products":[{"name":"Sisal Twine","category":"twines","uom":"roll","quantity":15.89},{"name":"Flour Sack","category":"sacks","uom":"piece","quantity":12}],"resource_type":"dispatch","resource_id":81}', '127.0.0.1', 'Node.js seed generator', '2026-01-27 01:19:00', '2026-01-27 01:19:00'),
(48, 1, 'stock_out', '{"total_quantity":18.6,"items_count":2,"customer_reference":"DR-7945","products":[{"name":"Binder Twine","category":"twines","uom":"roll","quantity":4.6},{"name":"Gunny Sack","category":"sacks","uom":"piece","quantity":14}],"resource_type":"dispatch","resource_id":31}', '127.0.0.1', 'Node.js seed generator', '2026-01-29 05:17:00', '2026-01-29 05:17:00'),
(6, 2, 'stock_in', '{"product_name":"Rice Sack","quantity":295,"uom":"piece","batch_code":"BAT-20260509-4325","resource_type":"product","resource_id":1}', '127.0.0.1', 'Node.js seed generator', '2026-02-05 04:41:00', '2026-02-05 04:41:00'),
(20, 1, 'stock_out', '{"total_quantity":44.4,"items_count":2,"customer_reference":null,"products":[{"name":"Binder Twine","category":"twines","uom":"roll","quantity":22.4},{"name":"Flour Sack","category":"sacks","uom":"piece","quantity":22}],"resource_type":"dispatch","resource_id":3}', '127.0.0.1', 'Node.js seed generator', '2026-02-10 03:03:00', '2026-02-10 03:03:00'),
(67, 2, 'stock_out', '{"total_quantity":63.39,"items_count":3,"customer_reference":"PO-2025-3307","products":[{"name":"Flour Sack","category":"sacks","uom":"piece","quantity":45},{"name":"Baler Twine","category":"twines","uom":"roll","quantity":12.39},{"name":"Rice Sack","category":"sacks","uom":"piece","quantity":6}],"resource_type":"dispatch","resource_id":51}', '127.0.0.1', 'Node.js seed generator', '2026-02-10 04:32:00', '2026-02-10 04:32:00'),
(38, 2, 'stock_out', '{"total_quantity":94.67,"items_count":3,"customer_reference":"SO-231","products":[{"name":"Baler Twine","category":"twines","uom":"roll","quantity":2.67},{"name":"Gunny Sack","category":"sacks","uom":"piece","quantity":43},{"name":"Rice Sack","category":"sacks","uom":"piece","quantity":49}],"resource_type":"dispatch","resource_id":21}', '127.0.0.1', 'Node.js seed generator', '2026-02-11 03:18:00', '2026-02-11 03:18:00'),
(9, 2, 'stock_in', '{"product_name":"Gunny Sack","quantity":308,"uom":"piece","batch_code":"BAT-20260509-4775","resource_type":"product","resource_id":2}', '127.0.0.1', 'Node.js seed generator', '2026-02-14 05:21:00', '2026-02-14 05:21:00'),
(65, 1, 'stock_out', '{"total_quantity":67.86,"items_count":3,"customer_reference":"SO-465","products":[{"name":"Rice Sack","category":"sacks","uom":"piece","quantity":23},{"name":"Flour Sack","category":"sacks","uom":"piece","quantity":40},{"name":"Sisal Twine","category":"twines","uom":"roll","quantity":4.86}],"resource_type":"dispatch","resource_id":49}', '127.0.0.1', 'Node.js seed generator', '2026-02-22 01:28:00', '2026-02-22 01:28:00'),
(75, 2, 'stock_out', '{"total_quantity":35,"items_count":1,"customer_reference":null,"products":[{"name":"Rice Sack","category":"sacks","uom":"piece","quantity":35}],"resource_type":"dispatch","resource_id":59}', '127.0.0.1', 'Node.js seed generator', '2026-02-24 02:54:00', '2026-02-24 02:54:00'),
(113, 1, 'stock_out', '{"total_quantity":10,"items_count":1,"customer_reference":"DR-6644","products":[{"name":"Gunny Sack","category":"sacks","uom":"piece","quantity":10}],"resource_type":"dispatch","resource_id":100}', '127.0.0.1', 'Node.js seed generator', '2026-03-02 00:45:00', '2026-03-02 00:45:00'),
(88, 1, 'stock_out', '{"total_quantity":44,"items_count":1,"customer_reference":"DR-5971","products":[{"name":"Gunny Sack","category":"sacks","uom":"piece","quantity":44}],"resource_type":"dispatch","resource_id":74}', '127.0.0.1', 'Node.js seed generator', '2026-03-07 09:00:00', '2026-03-07 09:00:00'),
(55, 1, 'stock_out', '{"total_quantity":42.38,"items_count":2,"customer_reference":null,"products":[{"name":"Flour Sack","category":"sacks","uom":"piece","quantity":17},{"name":"Sisal Twine","category":"twines","uom":"roll","quantity":25.38}],"resource_type":"dispatch","resource_id":38}', '127.0.0.1', 'Node.js seed generator', '2026-03-07 09:01:00', '2026-03-07 09:01:00'),
(14, 2, 'stock_in', '{"product_name":"Binder Twine","quantity":122.14,"uom":"roll","batch_code":"BAT-20260509-5468","resource_type":"product","resource_id":4}', '127.0.0.1', 'Node.js seed generator', '2026-03-08 06:42:00', '2026-03-08 06:42:00'),
(28, 1, 'stock_out', '{"total_quantity":17.9,"items_count":1,"customer_reference":null,"products":[{"name":"Binder Twine","category":"twines","uom":"roll","quantity":17.9}],"resource_type":"dispatch","resource_id":11}', '127.0.0.1', 'Node.js seed generator', '2026-03-11 03:22:00', '2026-03-11 03:22:00'),
(71, 2, 'stock_out', '{"total_quantity":56.7,"items_count":3,"customer_reference":"SO-817","products":[{"name":"Binder Twine","category":"twines","uom":"roll","quantity":30.7},{"name":"Baler Twine","category":"twines","uom":"roll","quantity":10},{"name":"Rice Sack","category":"sacks","uom":"piece","quantity":16}],"resource_type":"dispatch","resource_id":55}', '127.0.0.1', 'Node.js seed generator', '2026-03-13 08:25:00', '2026-03-13 08:25:00'),
(90, 1, 'stock_out', '{"total_quantity":66.44,"items_count":3,"customer_reference":null,"products":[{"name":"Baler Twine","category":"twines","uom":"roll","quantity":28.57},{"name":"Binder Twine","category":"twines","uom":"roll","quantity":20.87},{"name":"Gunny Sack","category":"sacks","uom":"piece","quantity":17}],"resource_type":"dispatch","resource_id":76}', '127.0.0.1', 'Node.js seed generator', '2026-03-15 01:25:00', '2026-03-15 01:25:00'),
(45, 1, 'stock_out', '{"total_quantity":27.85,"items_count":1,"customer_reference":"PO-2025-7445","products":[{"name":"Baler Twine","category":"twines","uom":"roll","quantity":27.85}],"resource_type":"dispatch","resource_id":28}', '127.0.0.1', 'Node.js seed generator', '2026-03-18 07:13:00', '2026-03-18 07:13:00'),
(97, 1, 'stock_out', '{"total_quantity":22,"items_count":1,"customer_reference":"SO-319","products":[{"name":"Binder Twine","category":"twines","uom":"roll","quantity":22}],"resource_type":"dispatch","resource_id":83}', '127.0.0.1', 'Node.js seed generator', '2026-03-20 00:26:00', '2026-03-20 00:26:00'),
(96, 2, 'stock_out', '{"total_quantity":69,"items_count":2,"customer_reference":"SO-182","products":[{"name":"Flour Sack","category":"sacks","uom":"piece","quantity":22},{"name":"Rice Sack","category":"sacks","uom":"piece","quantity":47}],"resource_type":"dispatch","resource_id":82}', '127.0.0.1', 'Node.js seed generator', '2026-03-29 03:29:00', '2026-03-29 03:29:00'),
(44, 2, 'stock_out', '{"total_quantity":44.84,"items_count":3,"customer_reference":"DR-6640","products":[{"name":"Baler Twine","category":"twines","uom":"roll","quantity":4.2},{"name":"Sisal Twine","category":"twines","uom":"roll","quantity":6.64},{"name":"Gunny Sack","category":"sacks","uom":"piece","quantity":34}],"resource_type":"dispatch","resource_id":27}', '127.0.0.1', 'Node.js seed generator', '2026-04-02 06:19:00', '2026-04-02 06:19:00'),
(15, 1, 'stock_in', '{"product_name":"Binder Twine","quantity":217.23,"uom":"roll","batch_code":"BAT-20260509-5614","resource_type":"product","resource_id":4}', '127.0.0.1', 'Node.js seed generator', '2026-04-02 09:26:00', '2026-04-02 09:26:00'),
(105, 2, 'stock_out', '{"total_quantity":50,"items_count":2,"customer_reference":"PO-2025-9909","products":[{"name":"Flour Sack","category":"sacks","uom":"piece","quantity":13},{"name":"Gunny Sack","category":"sacks","uom":"piece","quantity":37}],"resource_type":"dispatch","resource_id":91}', '127.0.0.1', 'Node.js seed generator', '2026-04-03 02:16:00', '2026-04-03 02:16:00'),
(87, 1, 'stock_out', '{"total_quantity":25.59,"items_count":2,"customer_reference":"PO-2025-6386","products":[{"name":"Flour Sack","category":"sacks","uom":"piece","quantity":11},{"name":"Binder Twine","category":"twines","uom":"roll","quantity":14.59}],"resource_type":"dispatch","resource_id":73}', '127.0.0.1', 'Node.js seed generator', '2026-04-05 01:49:00', '2026-04-05 01:49:00'),
(109, 1, 'stock_out', '{"total_quantity":11,"items_count":1,"customer_reference":"SO-180","products":[{"name":"Gunny Sack","category":"sacks","uom":"piece","quantity":11}],"resource_type":"dispatch","resource_id":95}', '127.0.0.1', 'Node.js seed generator', '2026-04-08 03:32:00', '2026-04-08 03:32:00'),
(29, 1, 'stock_out', '{"total_quantity":23.99,"items_count":2,"customer_reference":"PO-2025-1366","products":[{"name":"Rice Sack","category":"sacks","uom":"piece","quantity":14},{"name":"Binder Twine","category":"twines","uom":"roll","quantity":9.99}],"resource_type":"dispatch","resource_id":12}', '127.0.0.1', 'Node.js seed generator', '2026-04-08 09:50:00', '2026-04-08 09:50:00'),
(111, 2, 'stock_out', '{"total_quantity":23.11,"items_count":1,"customer_reference":"SO-355","products":[{"name":"Binder Twine","category":"twines","uom":"roll","quantity":23.11}],"resource_type":"dispatch","resource_id":97}', '127.0.0.1', 'Node.js seed generator', '2026-04-13 03:13:00', '2026-04-13 03:13:00'),
(80, 2, 'stock_out', '{"total_quantity":71.75,"items_count":3,"customer_reference":null,"products":[{"name":"Rice Sack","category":"sacks","uom":"piece","quantity":23},{"name":"Flour Sack","category":"sacks","uom":"piece","quantity":43},{"name":"Binder Twine","category":"twines","uom":"roll","quantity":5.75}],"resource_type":"dispatch","resource_id":65}', '127.0.0.1', 'Node.js seed generator', '2026-04-21 01:01:00', '2026-04-21 01:01:00'),
(66, 2, 'stock_out', '{"total_quantity":45.18,"items_count":2,"customer_reference":"PO-2025-4764","products":[{"name":"Sisal Twine","category":"twines","uom":"roll","quantity":15.18},{"name":"Gunny Sack","category":"sacks","uom":"piece","quantity":30}],"resource_type":"dispatch","resource_id":50}', '127.0.0.1', 'Node.js seed generator', '2026-04-23 03:11:00', '2026-04-23 03:11:00'),
(91, 1, 'stock_out', '{"total_quantity":39,"items_count":1,"customer_reference":"PO-2025-1769","products":[{"name":"Rice Sack","category":"sacks","uom":"piece","quantity":39}],"resource_type":"dispatch","resource_id":77}', '127.0.0.1', 'Node.js seed generator', '2026-04-27 23:20:00', '2026-04-27 23:20:00'),
(128, 2, 'auth_sign_out', '{"email":"juandelacruz@gmail.com","name":"Juan dela Cruz","resource_type":"user","resource_id":2}', '203.0.113.24', 'Mozilla/5.0 (iPhone; CPU iPhone OS 17_5 like Mac OS X) AppleWebKit/605.1.15 (KHTML, like Gecko) Version/17.5 Mobile/15E148 Safari/604.1', '2026-04-29 23:18:00', '2026-04-29 23:18:00'),
(70, 1, 'stock_out', '{"total_quantity":11,"items_count":1,"customer_reference":null,"products":[{"name":"Gunny Sack","category":"sacks","uom":"piece","quantity":11}],"resource_type":"dispatch","resource_id":54}', '127.0.0.1', 'Node.js seed generator', '2026-04-30 00:13:00', '2026-04-30 00:13:00'),
(58, 2, 'stock_out', '{"total_quantity":80.73,"items_count":3,"customer_reference":null,"products":[{"name":"Sisal Twine","category":"twines","uom":"roll","quantity":21.16},{"name":"Baler Twine","category":"twines","uom":"roll","quantity":23.57},{"name":"Rice Sack","category":"sacks","uom":"piece","quantity":36}],"resource_type":"dispatch","resource_id":41}', '127.0.0.1', 'Node.js seed generator', '2026-04-30 23:19:00', '2026-04-30 23:19:00'),
(63, 1, 'stock_out', '{"total_quantity":46.36,"items_count":3,"customer_reference":null,"products":[{"name":"Binder Twine","category":"twines","uom":"roll","quantity":7.73},{"name":"Baler Twine","category":"twines","uom":"roll","quantity":30.63},{"name":"Gunny Sack","category":"sacks","uom":"piece","quantity":8}],"resource_type":"dispatch","resource_id":47}', '127.0.0.1', 'Node.js seed generator', '2026-05-01 08:02:00', '2026-05-01 08:02:00'),
(85, 2, 'stock_out', '{"total_quantity":22.37,"items_count":2,"customer_reference":null,"products":[{"name":"Baler Twine","category":"twines","uom":"roll","quantity":8.37},{"name":"Gunny Sack","category":"sacks","uom":"piece","quantity":14}],"resource_type":"dispatch","resource_id":70}', '127.0.0.1', 'Node.js seed generator', '2026-05-02 09:40:00', '2026-05-02 09:40:00'),
(114, 2, 'batch_update', '{"batch_id":3,"batch_code":"BAT-20260509-8681","changes":{"quantity_remaining":{"old":188.5,"new":182.5}},"resource_type":"batch","resource_id":3}', '127.0.0.1', 'Node.js seed generator', '2026-05-05 05:42:00', '2026-05-05 05:42:00'),
(117, 1, 'batch_update', '{"batch_id":9,"batch_code":"BAT-20260509-7948","changes":{"quantity_remaining":{"old":0,"new":-19}},"resource_type":"batch","resource_id":9}', '127.0.0.1', 'Node.js seed generator', '2026-05-06 05:45:00', '2026-05-06 05:45:00'),
(103, 1, 'stock_out', '{"total_quantity":84.27,"items_count":3,"customer_reference":"PO-2025-9498","products":[{"name":"Binder Twine","category":"twines","uom":"roll","quantity":21.27},{"name":"Gunny Sack","category":"sacks","uom":"piece","quantity":44},{"name":"Rice Sack","category":"sacks","uom":"piece","quantity":19}],"resource_type":"dispatch","resource_id":89}', '127.0.0.1', 'Node.js seed generator', '2026-05-06 08:52:00', '2026-05-06 08:52:00'),
(125, 1, 'auth_sign_out', '{"email":"newmichael@gmail.com","name":"Michael","resource_type":"user","resource_id":1}', '203.0.113.10', 'Mozilla/5.0 (Windows NT 10.0; Win64; x64) AppleWebKit/537.36 (KHTML, like Gecko) Chrome/125.0.0.0 Safari/537.36', '2026-05-07 23:56:00', '2026-05-07 23:56:00');
COMMIT;
SET UNIQUE_CHECKS = 1;
SET FOREIGN_KEY_CHECKS = 1;
